[12/18/2014 9:34 AM] - SUCCESS:IPN VERIFIED!
[From:ipn.sandbox.paypal.com|173.0.82.126]IPN POST Vars Received By Paypal_IPN Response API:
mc_gross=10.00 
protection_eligibility=Eligible 
address_status=unconfirmed 
payer_id=MZKCEY768FZ9W 
tax=0.00 
address_street=calle Vilamar√≠ 76993- 17469 
payment_date=01:28:27 Dec 18, 2014 PST 
payment_status=Completed 
charset=windows-1252 
address_zip=02001 
first_name=SandboxTest 
mc_fee=0.69 
address_country_code=ES 
address_name=SandboxTest Account 
notify_version=3.8 
custom=56 
payer_status=verified 
business=jordan_1342086706_biz@gmail.com 
address_country=Spain 
address_city=Albacete 
quantity=1 
verify_sign=AnXNxzLV12dbJWeS9UOZn51CO6-XAYUrLVf6b4cuoarK.Xt7fWbTQJQw 
payer_email=info@weblaspalmas.es 
txn_id=07113668PU243405B 
payment_type=instant 
last_name=Account 
address_state=Albacete 
receiver_email=jordan_1342086706_biz@gmail.com 
payment_fee= 
receiver_id=6YNCQM58N6D98 
txn_type=web_accept 
item_name=Pedido Ref. 56 
mc_currency=EUR 
item_number= 
residence_country=ES 
test_ipn=1 
handling_amount=0.00 
transaction_subject=56 
payment_gross= 
shipping=0.00 
ipn_track_id=4e4125893baee 
IPN Response from Paypal Server:
HTTP/1.1 200 OK
Date: Thu, 18 Dec 2014 09:35:07 GMT
Server: Apache
X-Frame-Options: SAMEORIGIN
Set-Cookie: c9MWDuvPtT9GIMyPc3jwol1VSlO=YCXb9r87PehST5U2_13nEQNz1GLCVUNE7kUkikyfCaJqALqqE39G_KlCotpmuUJKQgw5MDQUG0xFgEwt3kDeKghb2p5AaEldnBLUm6ihp1_JLwDow_F5qAKYFBzkRRVCBcYXuZ4O8D0ax0kIN8YU2wX-ojIwjO4pTniWFPrXGtH0PgwFtvVd-spxuiq3S_1qLdtP2GG2a8DvFy57HznSkphtlehZXja5Ln3SWBPCv21AajhQZkRxd0iZtDiSz1BxIXyfVSP_wvpa7VH8WHk1RtQx-C-hFr2gP7noWoBkf2pwNe_MDPL2OpizDNTe72nM_fAIX7_hXBTomeycPnsm9AT5eLW9g7xY8WMVgRLfx7adI4OQIomlbS2vhXEuoBE_eXtqdg-0G9dIi7raQ1Rgpto7DYRUsZeEV_biIJeSTZl-jvODtOzKLfGDRHq; domain=.paypal.com; path=/; Secure; HttpOnly
Set-Cookie: cookie_check=yes; expires=Sun, 15-Dec-2024 09:35:07 GMT; domain=.paypal.com; path=/; Secure; HttpOnly
Set-Cookie: navcmd=_notify-validate; domain=.paypal.com; path=/; Secure; HttpOnly
Set-Cookie: navlns=0.0; expires=Sat, 17-Dec-2016 09:35:07 GMT; domain=.paypal.com; path=/; Secure; HttpOnly
Set-Cookie: Apache=10.72.108.11.1418895307077555; path=/; expires=Sat, 10-Dec-44 09:35:07 GMT
Vary: Accept-Encoding,User-Agent
Connection: close
Set-Cookie: X-PP-SILOVER=name%3DSANDBOX3.WEB.1%26silo_version%3D880%26app%3Dslingshot%26TIME%3D3416232532; domain=.paypal.com; path=/; Secure; HttpOnly
Set-Cookie: X-PP-SILOVER=; Expires=Thu, 01 Jan 1970 00:00:01 GMT
Set-Cookie: Apache=10.72.128.11.1418895307061703; path=/; expires=Sat, 10-Dec-44 09:35:07 GMT
Strict-Transport-Security: max-age=14400
Transfer-Encoding: chunked
Content-Type: text/html; charset=UTF-8

8
VERIFIED
0



[12/18/2014 9:34 AM] - SUCCESS:IPN VERIFIED!
[From:ipn.sandbox.paypal.com|173.0.82.126]IPN POST Vars Received By Paypal_IPN Response API:
mc_gross=10.00 
protection_eligibility=Eligible 
address_status=unconfirmed 
payer_id=MZKCEY768FZ9W 
tax=0.00 
address_street=calle Vilamar√≠ 76993- 17469 
payment_date=01:35:30 Dec 18, 2014 PST 
payment_status=Completed 
charset=windows-1252 
address_zip=02001 
first_name=SandboxTest 
mc_fee=0.69 
address_country_code=ES 
address_name=SandboxTest Account 
notify_version=3.8 
custom=60 
payer_status=verified 
business=jordan_1342086706_biz@gmail.com 
address_country=Spain 
address_city=Albacete 
quantity=1 
verify_sign=AppfqEivSWVTPppFRdpSWWR6IMRbAVcG6VjU62fZAE8AM7g3i9KxM4xH 
payer_email=info@weblaspalmas.es 
txn_id=78N39602RP2538529 
payment_type=instant 
last_name=Account 
address_state=Albacete 
receiver_email=jordan_1342086706_biz@gmail.com 
payment_fee= 
receiver_id=6YNCQM58N6D98 
txn_type=web_accept 
item_name=Pedido Ref. 60 
mc_currency=EUR 
item_number= 
residence_country=ES 
test_ipn=1 
handling_amount=0.00 
transaction_subject=60 
payment_gross= 
shipping=0.00 
ipn_track_id=be2011f873ec7 
IPN Response from Paypal Server:
HTTP/1.1 200 OK
Date: Thu, 18 Dec 2014 09:35:36 GMT
Server: Apache
X-Frame-Options: SAMEORIGIN
Set-Cookie: c9MWDuvPtT9GIMyPc3jwol1VSlO=T-ZsLi7XHXt0Ts4DGbU9wDsRH23bzJi051ldKjsAx4CfeEMxACG_r6O0mVzDhrozp5IyYB7WS4DAhc1fpWIVP1pJZbEDv25bQ7Fs7RGgHiHQFD1wfTrHjQXj0DjjV-BF1b3O9oRIkmfPBCpM9po-Q7LS2Ku1e44lp6xHO-S-5FLR8o01olfkgAjqMt-RyTZ-O2jVTGLIn3BUzhtexsLtreR9B3wbc6ZFIQ_IlNUAY0wqwoAPt-1lxgR9gkPUHYfT91SBT-yXw-jtQBXxVxukoNEIIckYw9xjRcygv4q72nOLyIekaWPmyw9X2bs36MjCzmK_tNm5N5Cg66bDqPsnkpGXyhJAMYF25jnCnm3MjJ2UxDI3ayXIHNwV9MXUK-wOvhWGZNu1TmSZCIAKLRJ7jxRLAF0q3CAoDS4SV0J0hYKq4jmpoKYdSvY0_1m; domain=.paypal.com; path=/; Secure; HttpOnly
Set-Cookie: cookie_check=yes; expires=Sun, 15-Dec-2024 09:35:36 GMT; domain=.paypal.com; path=/; Secure; HttpOnly
Set-Cookie: navcmd=_notify-validate; domain=.paypal.com; path=/; Secure; HttpOnly
Set-Cookie: navlns=0.0; expires=Sat, 17-Dec-2016 09:35:36 GMT; domain=.paypal.com; path=/; Secure; HttpOnly
Set-Cookie: Apache=10.72.108.11.1418895336326817; path=/; expires=Sat, 10-Dec-44 09:35:36 GMT
Vary: Accept-Encoding,User-Agent
Connection: close
Set-Cookie: X-PP-SILOVER=name%3DSANDBOX3.WEB.1%26silo_version%3D880%26app%3Dslingshot%26TIME%3D3902771796; domain=.paypal.com; path=/; Secure; HttpOnly
Set-Cookie: X-PP-SILOVER=; Expires=Thu, 01 Jan 1970 00:00:01 GMT
Set-Cookie: Apache=10.72.128.11.1418895336312755; path=/; expires=Sat, 10-Dec-44 09:35:36 GMT
Strict-Transport-Security: max-age=14400
Transfer-Encoding: chunked
Content-Type: text/html; charset=UTF-8

8
VERIFIED
0



[12/18/2014 9:52 AM] - SUCCESS:IPN VERIFIED!
[From:ipn.sandbox.paypal.com|173.0.82.126]IPN POST Vars Received By Paypal_IPN Response API:
mc_gross=10.00 
protection_eligibility=Eligible 
address_status=unconfirmed 
payer_id=MZKCEY768FZ9W 
tax=0.00 
address_street=calle Vilamar√≠ 76993- 17469 
payment_date=01:53:07 Dec 18, 2014 PST 
payment_status=Completed 
charset=windows-1252 
address_zip=02001 
first_name=SandboxTest 
mc_fee=0.69 
address_country_code=ES 
address_name=SandboxTest Account 
notify_version=3.8 
custom=62 
payer_status=verified 
business=jordan_1342086706_biz@gmail.com 
address_country=Spain 
address_city=Albacete 
quantity=1 
verify_sign=ATz6vjP1pjnjfyj7FQxIQUKraEEuAvZ-wvinc1ZFbffePifLFly0fBQR 
payer_email=info@weblaspalmas.es 
txn_id=0AU85527JD067711U 
payment_type=instant 
last_name=Account 
address_state=Albacete 
receiver_email=jordan_1342086706_biz@gmail.com 
payment_fee= 
receiver_id=6YNCQM58N6D98 
txn_type=web_accept 
item_name=Pedido Ref. 62 
mc_currency=EUR 
item_number= 
residence_country=ES 
test_ipn=1 
handling_amount=0.00 
transaction_subject=62 
payment_gross= 
shipping=0.00 
ipn_track_id=e7425897ed9e8 
IPN Response from Paypal Server:
HTTP/1.1 200 OK
Date: Thu, 18 Dec 2014 09:53:13 GMT
Server: Apache
X-Frame-Options: SAMEORIGIN
Set-Cookie: c9MWDuvPtT9GIMyPc3jwol1VSlO=6WzMym9PosCFBgT8CR7AWOixZHliZMTNPSp9-JtBCOWcEzYaQ9LEmuO4o1WTY3U2FMCUSARfPRomw1ZCWnnuqsifWwWysln82CNEBg8TnGIQ-BhevCT76sq_7xWY4_ax1T3IG4kVKnk-hsFlqJYHy4nrXY2mIVJcYDBuSsg4rACcLCD3NczBBaNSGnQ7qAHOl1ik2mJGDsqwzMsk2UHlst2NFKfdchG8NMlQOHfR0wvPz0CgZcMkkg5GaiXHfGMkKS1WM-9FhMOTqDExXIgiBNIU3ENAesHNl4G-uUIvlpkhH6X8pj_qJRMU7DVEYTJSecw1rYcBKDEhcN9cbFmVhlG5xLpjahy5BKNbS1CllFsoxFrrJxymiIP4jiVEKVv8WrMLRFnfZV58N7UCK6x7OO4VremTZhEtOXL3dIRxSC9qvItVBwNBRFjRRpG; domain=.paypal.com; path=/; Secure; HttpOnly
Set-Cookie: cookie_check=yes; expires=Sun, 15-Dec-2024 09:53:14 GMT; domain=.paypal.com; path=/; Secure; HttpOnly
Set-Cookie: navcmd=_notify-validate; domain=.paypal.com; path=/; Secure; HttpOnly
Set-Cookie: navlns=0.0; expires=Sat, 17-Dec-2016 09:53:14 GMT; domain=.paypal.com; path=/; Secure; HttpOnly
Set-Cookie: Apache=10.72.108.11.1418896393756716; path=/; expires=Sat, 10-Dec-44 09:53:13 GMT
Vary: Accept-Encoding,User-Agent
Connection: close
Set-Cookie: X-PP-SILOVER=name%3DSANDBOX3.WEB.1%26silo_version%3D880%26app%3Dslingshot%26TIME%3D161780308; domain=.paypal.com; path=/; Secure; HttpOnly
Set-Cookie: X-PP-SILOVER=; Expires=Thu, 01 Jan 1970 00:00:01 GMT
Set-Cookie: Apache=10.72.128.11.1418896393725167; path=/; expires=Sat, 10-Dec-44 09:53:13 GMT
Strict-Transport-Security: max-age=14400
Transfer-Encoding: chunked
Content-Type: text/html; charset=UTF-8

8
VERIFIED
0



[12/18/2014 9:54 AM] - SUCCESS:IPN VERIFIED!
[From:ipn.sandbox.paypal.com|173.0.82.126]IPN POST Vars Received By Paypal_IPN Response API:
mc_gross=10.00 
protection_eligibility=Eligible 
address_status=unconfirmed 
payer_id=MZKCEY768FZ9W 
tax=0.00 
address_street=calle Vilamar√≠ 76993- 17469 
payment_date=01:54:59 Dec 18, 2014 PST 
payment_status=Completed 
charset=windows-1252 
address_zip=02001 
first_name=SandboxTest 
mc_fee=0.69 
address_country_code=ES 
address_name=SandboxTest Account 
notify_version=3.8 
custom=63 
payer_status=verified 
business=jordan_1342086706_biz@gmail.com 
address_country=Spain 
address_city=Albacete 
quantity=1 
verify_sign=A6n1O0a9BwNRH66rF630CGCytgaaArU0Mb797ONdXnBzxidQWGrgnmla 
payer_email=info@weblaspalmas.es 
txn_id=58S39884A0284253G 
payment_type=instant 
last_name=Account 
address_state=Albacete 
receiver_email=jordan_1342086706_biz@gmail.com 
payment_fee= 
receiver_id=6YNCQM58N6D98 
txn_type=web_accept 
item_name=Pedido Ref. 63 
mc_currency=EUR 
item_number= 
residence_country=ES 
test_ipn=1 
handling_amount=0.00 
transaction_subject=63 
payment_gross= 
shipping=0.00 
ipn_track_id=1857cfe51eeae 
IPN Response from Paypal Server:
HTTP/1.1 200 OK
Date: Thu, 18 Dec 2014 09:55:07 GMT
Server: Apache
X-Frame-Options: SAMEORIGIN
Set-Cookie: c9MWDuvPtT9GIMyPc3jwol1VSlO=45lzMTbPCBuW16ryIRp7_Xaz_-l9WsyLcv-a0q7wG0Ab8k1ojSHMo9T46haCyTpYCRCgC4-sMJaChIPcTREs-G99LNwclXVZKf8XEFPqazgbCnaIzuibJCXagc2FtTAAOCLnXFth2f79iymwgQaSq90vZHW5L8WmutjcdDfZKtnqGM1w3QF6Kc6EB4ei4SsNuiXXborEi8juTkeqq7FMRgjhJcgOuFP2uHnYNh0GoPzT9HjTZWsXFkOcPnJw81vR8JjDnFNqWeIWAHJXIq0mWy60JyQbp87gsHR0khukMDfKBsNQ6R36RMlb1126CZ1plyBSC9WQmM2VegByCtoVNB1K4TAdea0ZBIL_A17ZUPwTGRKAi0VWcIl_i6R2eYYDv4vWPQssGGlIfbx_jDwILI8ziG7WzXlUEVqnXqSXtVoK3YKGB2bJIdjn2XS; domain=.paypal.com; path=/; Secure; HttpOnly
Set-Cookie: cookie_check=yes; expires=Sun, 15-Dec-2024 09:55:07 GMT; domain=.paypal.com; path=/; Secure; HttpOnly
Set-Cookie: navcmd=_notify-validate; domain=.paypal.com; path=/; Secure; HttpOnly
Set-Cookie: navlns=0.0; expires=Sat, 17-Dec-2016 09:55:07 GMT; domain=.paypal.com; path=/; Secure; HttpOnly
Set-Cookie: Apache=10.72.108.11.1418896507590855; path=/; expires=Sat, 10-Dec-44 09:55:07 GMT
Vary: Accept-Encoding,User-Agent
Connection: close
Set-Cookie: X-PP-SILOVER=name%3DSANDBOX3.WEB.1%26silo_version%3D880%26app%3Dslingshot%26TIME%3D2074382932; domain=.paypal.com; path=/; Secure; HttpOnly
Set-Cookie: X-PP-SILOVER=; Expires=Thu, 01 Jan 1970 00:00:01 GMT
Set-Cookie: Apache=10.72.128.11.1418896507581050; path=/; expires=Sat, 10-Dec-44 09:55:07 GMT
Strict-Transport-Security: max-age=14400
Transfer-Encoding: chunked
Content-Type: text/html; charset=UTF-8

8
VERIFIED
0



[12/18/2014 9:57 AM] - SUCCESS:IPN VERIFIED!
[From:ipn.sandbox.paypal.com|173.0.82.126]IPN POST Vars Received By Paypal_IPN Response API:
mc_gross=10.00 
protection_eligibility=Eligible 
address_status=unconfirmed 
payer_id=MZKCEY768FZ9W 
tax=0.00 
address_street=calle Vilamar√≠ 76993- 17469 
payment_date=01:58:31 Dec 18, 2014 PST 
payment_status=Completed 
charset=windows-1252 
address_zip=02001 
first_name=SandboxTest 
mc_fee=0.69 
address_country_code=ES 
address_name=SandboxTest Account 
notify_version=3.8 
custom=64 
payer_status=verified 
business=jordan_1342086706_biz@gmail.com 
address_country=Spain 
address_city=Albacete 
quantity=1 
verify_sign=AL-jznk3HA1Hb-BNlVnpPtLzujXsA7u4yiVlHIeoC-UduAHUm7c4iTs7 
payer_email=info@weblaspalmas.es 
txn_id=9XM67909PH289213V 
payment_type=instant 
last_name=Account 
address_state=Albacete 
receiver_email=jordan_1342086706_biz@gmail.com 
payment_fee= 
receiver_id=6YNCQM58N6D98 
txn_type=web_accept 
item_name=Pedido Ref. 64 
mc_currency=EUR 
item_number= 
residence_country=ES 
test_ipn=1 
handling_amount=0.00 
transaction_subject=64 
payment_gross= 
shipping=0.00 
ipn_track_id=d8dc6f058409a 
IPN Response from Paypal Server:
HTTP/1.1 200 OK
Date: Thu, 18 Dec 2014 09:58:36 GMT
Server: Apache
X-Frame-Options: SAMEORIGIN
Set-Cookie: c9MWDuvPtT9GIMyPc3jwol1VSlO=Q1J3abw6iSI9IeeQOMiePF7kW-xPzsRhNPyN9dODzutLsmGWfkGEC4gQhIhqRRY-9SQiGJ2b5-TNp6S7OZExQ8qpYbDc0VhnbGe6hHHINEwPjNdUrnbfFl2c1Qb02LGnOicyVGcuIoP1x10aDwJlEuPtBCb2JHIbRcqSRcaGlRXZrfCGaLztoTi6zIoHd3PTRvxXn-gtUe-XEZJmpBRh2MtuKoDiNjscTP3ylJ0s-Sch2QKB8O02D0SIWCL_yQfebMx6XEpJjf_SrKKh27n7TUJHPLuXYDlCipeBXzhizRkh3tF4lHf6bYD9nvnDdvuIyIG8R98N1VBhf6D5g_Z_Dxbu-1Fz2jSYQSRfgX2wsKheG6J0L3xqbDcA2r-wkRLLzLh4HmfozTaSEU8CuX8c3Ti3TdAGLWebXLTkigM2RhlorAzACUdiEeT-ztm; domain=.paypal.com; path=/; Secure; HttpOnly
Set-Cookie: cookie_check=yes; expires=Sun, 15-Dec-2024 09:58:36 GMT; domain=.paypal.com; path=/; Secure; HttpOnly
Set-Cookie: navcmd=_notify-validate; domain=.paypal.com; path=/; Secure; HttpOnly
Set-Cookie: navlns=0.0; expires=Sat, 17-Dec-2016 09:58:36 GMT; domain=.paypal.com; path=/; Secure; HttpOnly
Set-Cookie: Apache=10.72.108.11.1418896716348366; path=/; expires=Sat, 10-Dec-44 09:58:36 GMT
Vary: Accept-Encoding,User-Agent
Connection: close
Set-Cookie: X-PP-SILOVER=name%3DSANDBOX3.WEB.1%26silo_version%3D880%26app%3Dslingshot%26TIME%3D1285919316; domain=.paypal.com; path=/; Secure; HttpOnly
Set-Cookie: X-PP-SILOVER=; Expires=Thu, 01 Jan 1970 00:00:01 GMT
Set-Cookie: Apache=10.72.128.11.1418896716336185; path=/; expires=Sat, 10-Dec-44 09:58:36 GMT
Strict-Transport-Security: max-age=14400
Transfer-Encoding: chunked
Content-Type: text/html; charset=UTF-8

8
VERIFIED
0



[12/18/2014 10:00 AM] - SUCCESS:IPN VERIFIED!
[From:ipn.sandbox.paypal.com|173.0.82.126]IPN POST Vars Received By Paypal_IPN Response API:
mc_gross=10.00 
protection_eligibility=Eligible 
address_status=unconfirmed 
payer_id=MZKCEY768FZ9W 
tax=0.00 
address_street=calle Vilamar√≠ 76993- 17469 
payment_date=02:01:04 Dec 18, 2014 PST 
payment_status=Completed 
charset=windows-1252 
address_zip=02001 
first_name=SandboxTest 
mc_fee=0.69 
address_country_code=ES 
address_name=SandboxTest Account 
notify_version=3.8 
custom=65 
payer_status=verified 
business=jordan_1342086706_biz@gmail.com 
address_country=Spain 
address_city=Albacete 
quantity=1 
verify_sign=An5ns1Kso7MWUdW4ErQKJJJ4qi4-AJ9OgiR5U5NPvJathKPKjCgJP1bN 
payer_email=info@weblaspalmas.es 
txn_id=1A328314AP766263N 
payment_type=instant 
last_name=Account 
address_state=Albacete 
receiver_email=jordan_1342086706_biz@gmail.com 
payment_fee= 
receiver_id=6YNCQM58N6D98 
txn_type=web_accept 
item_name=Pedido Ref. 65 
mc_currency=EUR 
item_number= 
residence_country=ES 
test_ipn=1 
handling_amount=0.00 
transaction_subject=65 
payment_gross= 
shipping=0.00 
ipn_track_id=89aa497fc027 
IPN Response from Paypal Server:
HTTP/1.1 200 OK
Date: Thu, 18 Dec 2014 10:01:09 GMT
Server: Apache
X-Frame-Options: SAMEORIGIN
Set-Cookie: c9MWDuvPtT9GIMyPc3jwol1VSlO=30XjYTppOgzUFDBoGyzRzxyuvKI_-tsNpmTFdCjQl0BeyrqT4803d3jdDJyCtcLRFgCDgIouLvmChixhosqw2O5zfo_ZONqcCJ-uNvZ25tl9KNl8I63Iixx9DgB6jzeYpI1UXhIOhkjyXpf-wWHXecuXe0Zsgc1MSio3oZkdUnfys7upGoLSHJUxofA67vVmb_4UZR7Mpyw0WtT8O9TNOTH3lwgEBrnCUznQDKWD8J5EQIszSZhdANy1CpOQHMbtLALnVKTTsxJ4wLePrNeNPw7r6-VpfW5vqL5ycibLAa-7CGFhgizFxdV1nJLDCwTQtwvz8E4u5z4Iyz3qeauQnuO2DbkWF0ClsosLQn1Fs71fCxZEcYdoFFN4H3pZQqC15pFuQyYdkv-ttQsn1X_ROpx4GWzfBU81JBEAvr6sx331R9AsDHQpAw90Gki; domain=.paypal.com; path=/; Secure; HttpOnly
Set-Cookie: cookie_check=yes; expires=Sun, 15-Dec-2024 10:01:10 GMT; domain=.paypal.com; path=/; Secure; HttpOnly
Set-Cookie: navcmd=_notify-validate; domain=.paypal.com; path=/; Secure; HttpOnly
Set-Cookie: navlns=0.0; expires=Sat, 17-Dec-2016 10:01:10 GMT; domain=.paypal.com; path=/; Secure; HttpOnly
Set-Cookie: Apache=10.72.108.11.1418896869900658; path=/; expires=Sat, 10-Dec-44 10:01:09 GMT
Vary: Accept-Encoding,User-Agent
Connection: close
Set-Cookie: X-PP-SILOVER=name%3DSANDBOX3.WEB.1%26silo_version%3D880%26app%3Dslingshot%26TIME%3D3852833364; domain=.paypal.com; path=/; Secure; HttpOnly
Set-Cookie: X-PP-SILOVER=; Expires=Thu, 01 Jan 1970 00:00:01 GMT
Set-Cookie: Apache=10.72.128.11.1418896869889006; path=/; expires=Sat, 10-Dec-44 10:01:09 GMT
Strict-Transport-Security: max-age=14400
Transfer-Encoding: chunked
Content-Type: text/html; charset=UTF-8

8
VERIFIED
0



[12/18/2014 10:06 AM] - FAIL: Validation post isn't from PayPal!
[From:212.40.228.229.dyn.user.ono.com|212.40.228.229]IPN POST Vars Received By Paypal_IPN Response API:
IPN Response from Paypal Server:


[12/18/2014 10:07 AM] - FAIL: Validation post isn't from PayPal!
[From:212.40.228.229.dyn.user.ono.com|212.40.228.229]IPN POST Vars Received By Paypal_IPN Response API:
IPN Response from Paypal Server:


[12/18/2014 10:08 AM] - FAIL: Validation post isn't from PayPal!
[From:212.40.228.229.dyn.user.ono.com|212.40.228.229]IPN POST Vars Received By Paypal_IPN Response API:
IPN Response from Paypal Server:


[12/18/2014 10:08 AM] - FAIL: Validation post isn't from PayPal!
[From:212.40.228.229.dyn.user.ono.com|212.40.228.229]IPN POST Vars Received By Paypal_IPN Response API:
IPN Response from Paypal Server:


[12/18/2014 10:09 AM] - FAIL: Validation post isn't from PayPal!
[From:212.40.228.229.dyn.user.ono.com|212.40.228.229]IPN POST Vars Received By Paypal_IPN Response API:
IPN Response from Paypal Server:


[12/18/2014 10:11 AM] - SUCCESS:IPN VERIFIED!
[From:ipn.sandbox.paypal.com|173.0.82.126]IPN POST Vars Received By Paypal_IPN Response API:
mc_gross=10.00 
protection_eligibility=Eligible 
address_status=unconfirmed 
payer_id=MZKCEY768FZ9W 
tax=0.00 
address_street=calle Vilamar√≠ 76993- 17469 
payment_date=02:12:19 Dec 18, 2014 PST 
payment_status=Completed 
charset=windows-1252 
address_zip=02001 
first_name=SandboxTest 
mc_fee=0.69 
address_country_code=ES 
address_name=SandboxTest Account 
notify_version=3.8 
custom=66 
payer_status=verified 
business=jordan_1342086706_biz@gmail.com 
address_country=Spain 
address_city=Albacete 
quantity=1 
verify_sign=AbzlMQfnGCW1kgs7W9U77Rx7TroaAq3gJkIFR5lT02CJHLcmLLi29.Iw 
payer_email=info@weblaspalmas.es 
txn_id=0WA30958T2932914T 
payment_type=instant 
last_name=Account 
address_state=Albacete 
receiver_email=jordan_1342086706_biz@gmail.com 
payment_fee= 
receiver_id=6YNCQM58N6D98 
txn_type=web_accept 
item_name=Pedido Ref. 66 
mc_currency=EUR 
item_number= 
residence_country=ES 
test_ipn=1 
handling_amount=0.00 
transaction_subject=66 
payment_gross= 
shipping=0.00 
ipn_track_id=cc1bbe42152d0 
IPN Response from Paypal Server:
HTTP/1.1 200 OK
Date: Thu, 18 Dec 2014 10:12:24 GMT
Server: Apache
X-Frame-Options: SAMEORIGIN
Set-Cookie: c9MWDuvPtT9GIMyPc3jwol1VSlO=gEcXJFFHzK-2HsiKeFnUu7d9bZwm3gamp-MYKPR66z0eeilg28QMBBHaR09ZMhFjtCf7gAN1hZpNRt0jOru-q2Yxc_qGBRuD66taDGDqWWzczWnAfFGQ7BZ_WRTQzEEj_RHXhBr3NumP-RJT3uvgjbfUZGDEoSFGiqNAprnbw4o_FQQ01FGwWLLfV_UszHzvh6thPf3YH35yuX50tDMLhJ2hZxxB5REk8u1AtwzjTYdnRTExaTwGhnOd99RxJtzE71EJZM4P4DieIXwQdr2AzMWpRh9-LYDbWRTDOQhAastO_R_Yfpt7FeW7OD6-AhmJt9ZdLhCx8rWYasN54JBt8EMFDySW9chTmxTbN2My8w28s6PmcxuqQ77MDudkuR3DPXU70tiHnWMh8t13btiFTWUkgrJqrWhC0l2-CrupZaN_jXd9hMQ7Ohwei8q; domain=.paypal.com; path=/; Secure; HttpOnly
Set-Cookie: cookie_check=yes; expires=Sun, 15-Dec-2024 10:12:24 GMT; domain=.paypal.com; path=/; Secure; HttpOnly
Set-Cookie: navcmd=_notify-validate; domain=.paypal.com; path=/; Secure; HttpOnly
Set-Cookie: navlns=0.0; expires=Sat, 17-Dec-2016 10:12:24 GMT; domain=.paypal.com; path=/; Secure; HttpOnly
Set-Cookie: Apache=10.72.108.11.1418897544029410; path=/; expires=Sat, 10-Dec-44 10:12:24 GMT
Vary: Accept-Encoding,User-Agent
Connection: close
Set-Cookie: X-PP-SILOVER=name%3DSANDBOX3.WEB.1%26silo_version%3D880%26app%3Dslingshot%26TIME%3D2292748884; domain=.paypal.com; path=/; Secure; HttpOnly
Set-Cookie: X-PP-SILOVER=; Expires=Thu, 01 Jan 1970 00:00:01 GMT
Set-Cookie: Apache=10.72.128.11.1418897544017498; path=/; expires=Sat, 10-Dec-44 10:12:24 GMT
Strict-Transport-Security: max-age=14400
Transfer-Encoding: chunked
Content-Type: text/html; charset=UTF-8

8
VERIFIED
0



[12/18/2014 10:16 AM] - SUCCESS:IPN VERIFIED!
[From:ipn.sandbox.paypal.com|173.0.82.126]IPN POST Vars Received By Paypal_IPN Response API:
mc_gross=10.00 
protection_eligibility=Eligible 
address_status=unconfirmed 
payer_id=MZKCEY768FZ9W 
tax=0.00 
address_street=calle Vilamar√≠ 76993- 17469 
payment_date=02:17:34 Dec 18, 2014 PST 
payment_status=Completed 
charset=windows-1252 
address_zip=02001 
first_name=SandboxTest 
mc_fee=0.69 
address_country_code=ES 
address_name=SandboxTest Account 
notify_version=3.8 
custom=68 
payer_status=verified 
business=jordan_1342086706_biz@gmail.com 
address_country=Spain 
address_city=Albacete 
quantity=1 
verify_sign=ARHPijWmCCSUguBRmsQZVk1xNcMRArw9YtmAVg0fpr1QAsxDD15dBFaR 
payer_email=info@weblaspalmas.es 
txn_id=04R409545B6412157 
payment_type=instant 
last_name=Account 
address_state=Albacete 
receiver_email=jordan_1342086706_biz@gmail.com 
payment_fee= 
receiver_id=6YNCQM58N6D98 
txn_type=web_accept 
item_name=Pedido Ref. 68 
mc_currency=EUR 
item_number= 
residence_country=ES 
test_ipn=1 
handling_amount=0.00 
transaction_subject=68 
payment_gross= 
shipping=0.00 
ipn_track_id=b538195f20c1b 
IPN Response from Paypal Server:
HTTP/1.1 200 OK
Date: Thu, 18 Dec 2014 10:17:41 GMT
Server: Apache
X-Frame-Options: SAMEORIGIN
Set-Cookie: c9MWDuvPtT9GIMyPc3jwol1VSlO=fVi5BAGYTa679RC6oEl4IYHwoUXS3GgONmL8qElJWBnrjgcfpz_E2zeBD7db60Mv-q_jY4kbTkl1qsPXl9TyXhF2UwaiuPns4WsOHBn3SOVJGSob29K9L4GMMyh7XEUdQNS6RKoi5bPhtP5JUX_LeQB59FEVzLgeEqLGrWFcqYOWAxbfgPqyCehK9yr_yfQ4YepyuFjDGaUy9210IGF-hzBRhkerJBilJcij4Pg9AUfh9fEI5Qung4Wmgg6jbU1l2ZyIkjGjifrCPUo9FL3hdxsEgpBgoPwtbGb6abPpCyseWmuq2ze-ggdyZd6ladBCGQ8tIzdzSmkzo1qWc7a0dXa2IHvc_hf0PKEjjsbSl48xzFOm5AdueBQeaiUQipSz836MtiTbMOnWMENEeZnGSL8lkrRh5xK2G4t5gkbeGJnHxNQajXkYg1q08D4; domain=.paypal.com; path=/; Secure; HttpOnly
Set-Cookie: cookie_check=yes; expires=Sun, 15-Dec-2024 10:17:42 GMT; domain=.paypal.com; path=/; Secure; HttpOnly
Set-Cookie: navcmd=_notify-validate; domain=.paypal.com; path=/; Secure; HttpOnly
Set-Cookie: navlns=0.0; expires=Sat, 17-Dec-2016 10:17:42 GMT; domain=.paypal.com; path=/; Secure; HttpOnly
Set-Cookie: Apache=10.72.108.11.1418897861947772; path=/; expires=Sat, 10-Dec-44 10:17:41 GMT
Vary: Accept-Encoding,User-Agent
Connection: close
Set-Cookie: X-PP-SILOVER=name%3DSANDBOX3.WEB.1%26silo_version%3D880%26app%3Dslingshot%26TIME%3D3316224596; domain=.paypal.com; path=/; Secure; HttpOnly
Set-Cookie: X-PP-SILOVER=; Expires=Thu, 01 Jan 1970 00:00:01 GMT
Set-Cookie: Apache=10.72.128.11.1418897861936043; path=/; expires=Sat, 10-Dec-44 10:17:41 GMT
Strict-Transport-Security: max-age=14400
Transfer-Encoding: chunked
Content-Type: text/html; charset=UTF-8

8
VERIFIED
0



[12/18/2014 10:30 AM] - FAIL: Validation post isn't from PayPal!
[From:weblaspalmas.cyberneticos.com|164.138.210.90]IPN POST Vars Received By Paypal_IPN Response API:
IPN Response from Paypal Server:


[12/18/2014 10:32 AM] - SUCCESS:IPN VERIFIED!
[From:ipn.sandbox.paypal.com|173.0.82.126]IPN POST Vars Received By Paypal_IPN Response API:
mc_gross=10.00 
protection_eligibility=Eligible 
address_status=unconfirmed 
payer_id=MZKCEY768FZ9W 
tax=0.00 
address_street=calle Vilamar√≠ 76993- 17469 
payment_date=02:33:33 Dec 18, 2014 PST 
payment_status=Completed 
charset=windows-1252 
address_zip=02001 
first_name=SandboxTest 
mc_fee=0.69 
address_country_code=ES 
address_name=SandboxTest Account 
notify_version=3.8 
custom=86 
payer_status=verified 
business=jordan_1342086706_biz@gmail.com 
address_country=Spain 
address_city=Albacete 
quantity=1 
verify_sign=AGFtFRIwGf7hbq2BCnDMxhTBapbmAlz2NEdIlTq.0i4Ghf-movUmAwlo 
payer_email=info@weblaspalmas.es 
txn_id=36R230803H0926635 
payment_type=instant 
last_name=Account 
address_state=Albacete 
receiver_email=jordan_1342086706_biz@gmail.com 
payment_fee= 
receiver_id=6YNCQM58N6D98 
txn_type=web_accept 
item_name=Pedido Ref. 86 
mc_currency=EUR 
item_number= 
residence_country=ES 
test_ipn=1 
handling_amount=0.00 
transaction_subject=86 
payment_gross= 
shipping=0.00 
ipn_track_id=757dad495f05a 
IPN Response from Paypal Server:
HTTP/1.1 200 OK
Date: Thu, 18 Dec 2014 10:33:38 GMT
Server: Apache
X-Frame-Options: SAMEORIGIN
Set-Cookie: c9MWDuvPtT9GIMyPc3jwol1VSlO=ld4ngJBTNGvv-yLlIrD-YvpfWJPOpwmDNtUfIm_XdrK9i-q7YTbtMg9wJU2Gp8eDOS4x9bxGOVeCvUIH5kWKai-fQRxJ85dH1QcEzwws_6jYOu9mMJywQ_hEj_lOD_UTteqeke7jpmLAp9wla5-lIuBi6-XQ8vRfEirzvqy78DXK9rWGWWUf1ytOaSrbZwtwJXVnT9zkFZHZwFstmlgEKgQljz2xYGWFjOwGYrx703UO7DOcCQt02y6C65quBxhzKx7LvWIRtQNq5tLKsS5OmbmLeiC5V7408zutLh9qzn4CpC6YhV6IMkIedBbQ6JyEGf7QvI1m8u065IpZBqm2Bsz2xjQSZP5OZzDavipkcc6tPIYUIkFrwLapUccg26Md1igF0sPBNzX4v-yZPPdfOw3dkciM9VFrk3046W5r5n-mNDcFTFd04Q4S3U4; domain=.paypal.com; path=/; Secure; HttpOnly
Set-Cookie: cookie_check=yes; expires=Sun, 15-Dec-2024 10:33:39 GMT; domain=.paypal.com; path=/; Secure; HttpOnly
Set-Cookie: navcmd=_notify-validate; domain=.paypal.com; path=/; Secure; HttpOnly
Set-Cookie: navlns=0.0; expires=Sat, 17-Dec-2016 10:33:39 GMT; domain=.paypal.com; path=/; Secure; HttpOnly
Set-Cookie: Apache=10.72.108.11.1418898818930453; path=/; expires=Sat, 10-Dec-44 10:33:38 GMT
Vary: Accept-Encoding,User-Agent
Connection: close
Set-Cookie: X-PP-SILOVER=name%3DSANDBOX3.WEB.1%26silo_version%3D880%26app%3Dslingshot%26TIME%3D2192413268; domain=.paypal.com; path=/; Secure; HttpOnly
Set-Cookie: X-PP-SILOVER=; Expires=Thu, 01 Jan 1970 00:00:01 GMT
Set-Cookie: Apache=10.72.128.11.1418898818916709; path=/; expires=Sat, 10-Dec-44 10:33:38 GMT
Strict-Transport-Security: max-age=14400
Transfer-Encoding: chunked
Content-Type: text/html; charset=UTF-8

8
VERIFIED
0



[12/18/2014 10:38 AM] - SUCCESS:IPN VERIFIED!
[From:ipn.sandbox.paypal.com|173.0.82.126]IPN POST Vars Received By Paypal_IPN Response API:
mc_gross=10.00 
protection_eligibility=Eligible 
address_status=unconfirmed 
payer_id=MZKCEY768FZ9W 
tax=0.00 
address_street=calle Vilamar√≠ 76993- 17469 
payment_date=02:39:11 Dec 18, 2014 PST 
payment_status=Completed 
charset=windows-1252 
address_zip=02001 
first_name=SandboxTest 
mc_fee=0.69 
address_country_code=ES 
address_name=SandboxTest Account 
notify_version=3.8 
custom=89 
payer_status=verified 
business=jordan_1342086706_biz@gmail.com 
address_country=Spain 
address_city=Albacete 
quantity=1 
verify_sign=ApWMLf-cm8R94DzFwpilcMe3WXxzACx0AFM4V1LFk4R2.EAlX.PO4VC2 
payer_email=info@weblaspalmas.es 
txn_id=7M014869H4429062X 
payment_type=instant 
last_name=Account 
address_state=Albacete 
receiver_email=jordan_1342086706_biz@gmail.com 
payment_fee= 
receiver_id=6YNCQM58N6D98 
txn_type=web_accept 
item_name=Pedido Ref. 89 
mc_currency=EUR 
item_number= 
residence_country=ES 
test_ipn=1 
handling_amount=0.00 
transaction_subject=89 
payment_gross= 
shipping=0.00 
ipn_track_id=99da771e4f9b1 
IPN Response from Paypal Server:
HTTP/1.1 200 OK
Date: Thu, 18 Dec 2014 10:39:16 GMT
Server: Apache
X-Frame-Options: SAMEORIGIN
Set-Cookie: c9MWDuvPtT9GIMyPc3jwol1VSlO=0NETAwdlwElI5vGulZ1cHbABdi8yRgCcWklHrh06noj9ZBir6QPkiRBXTuTybp_jocWaBp3112Bi_BEpSeOuxrBKJDWDDVw0aFweWu0Qq8kcJCv4yxT3Jil3cZoJ4UHzYrU7dXLX7rq4jQ-aJk2D3KjW9KD6YyCbFzf3dY0xVDDvySgXppACMFDYpU1fhhgtWmm4gyn5glfqPPjm7TB_K3MfmlzyH9GsZ2QEjgSLGDubYfUPMIWgXRB9dvg-mgT63IOMS_MaCcbfDbTSt6X5200dtlefq6J7pHUb8HQwI32ax3nnUDVlB2DQA4VVL02BXMqmibzLTXO8bQp1rFw35cEZFMBVUAy_nI_SQ07zKK614LPbWJ6xsqaeomMVecKcwtUYMv5kEP8Bs64h3gz8vAE4W6Otr8F_iirseNl02nM0SYEwaf9HDAOpba0; domain=.paypal.com; path=/; Secure; HttpOnly
Set-Cookie: cookie_check=yes; expires=Sun, 15-Dec-2024 10:39:16 GMT; domain=.paypal.com; path=/; Secure; HttpOnly
Set-Cookie: navcmd=_notify-validate; domain=.paypal.com; path=/; Secure; HttpOnly
Set-Cookie: navlns=0.0; expires=Sat, 17-Dec-2016 10:39:16 GMT; domain=.paypal.com; path=/; Secure; HttpOnly
Set-Cookie: Apache=10.72.108.11.1418899156259521; path=/; expires=Sat, 10-Dec-44 10:39:16 GMT
Vary: Accept-Encoding,User-Agent
Connection: close
Set-Cookie: X-PP-SILOVER=name%3DSANDBOX3.WEB.1%26silo_version%3D880%26app%3Dslingshot%26TIME%3D3568210516; domain=.paypal.com; path=/; Secure; HttpOnly
Set-Cookie: X-PP-SILOVER=; Expires=Thu, 01 Jan 1970 00:00:01 GMT
Set-Cookie: Apache=10.72.128.11.1418899156244714; path=/; expires=Sat, 10-Dec-44 10:39:16 GMT
Strict-Transport-Security: max-age=14400
Transfer-Encoding: chunked
Content-Type: text/html; charset=UTF-8

8
VERIFIED
0



[12/18/2014 10:47 AM] - FAIL: Validation post isn't from PayPal!
[From:weblaspalmas.cyberneticos.com|164.138.210.90]IPN POST Vars Received By Paypal_IPN Response API:
IPN Response from Paypal Server:


[12/18/2014 10:53 AM] - FAIL: Validation post isn't from PayPal!
[From:weblaspalmas.cyberneticos.com|164.138.210.90]IPN POST Vars Received By Paypal_IPN Response API:
IPN Response from Paypal Server:


[12/18/2014 11:42 AM] - FAIL: Validation post isn't from PayPal!
[From:weblaspalmas.cyberneticos.com|164.138.210.90]IPN POST Vars Received By Paypal_IPN Response API:
IPN Response from Paypal Server:


[12/25/2014 4:45 PM] - FAIL: Validation post isn't from PayPal!
[From:weblaspalmas.cyberneticos.com|164.138.210.90]IPN POST Vars Received By Paypal_IPN Response API:
IPN Response from Paypal Server:


[01/05/2015 8:53 AM] - FAIL: Validation post isn't from PayPal!
[From:weblaspalmas.cyberneticos.com|164.138.210.90]IPN POST Vars Received By Paypal_IPN Response API:
IPN Response from Paypal Server:


[01/05/2015 2:14 PM] - FAIL: Validation post isn't from PayPal!
[From:weblaspalmas.cyberneticos.com|164.138.210.90]IPN POST Vars Received By Paypal_IPN Response API:
IPN Response from Paypal Server:


[01/07/2015 9:45 AM] - FAIL: Validation post isn't from PayPal!
[From:weblaspalmas.cyberneticos.com|164.138.210.90]IPN POST Vars Received By Paypal_IPN Response API:
IPN Response from Paypal Server:


[01/07/2015 10:37 AM] - FAIL: Validation post isn't from PayPal!
[From:weblaspalmas.cyberneticos.com|164.138.210.90]IPN POST Vars Received By Paypal_IPN Response API:
IPN Response from Paypal Server:


[01/08/2015 10:05 AM] - FAIL: Validation post isn't from PayPal!
[From:weblaspalmas.cyberneticos.com|164.138.210.90]IPN POST Vars Received By Paypal_IPN Response API:
IPN Response from Paypal Server:


[01/08/2015 10:05 AM] - FAIL: Validation post isn't from PayPal!
[From:weblaspalmas.cyberneticos.com|164.138.210.90]IPN POST Vars Received By Paypal_IPN Response API:
IPN Response from Paypal Server:


[01/08/2015 6:04 PM] - FAIL: Validation post isn't from PayPal!
[From:weblaspalmas.cyberneticos.com|164.138.210.90]IPN POST Vars Received By Paypal_IPN Response API:
IPN Response from Paypal Server:


[01/09/2015 10:19 AM] - FAIL: Validation post isn't from PayPal!
[From:weblaspalmas.cyberneticos.com|164.138.210.90]IPN POST Vars Received By Paypal_IPN Response API:
IPN Response from Paypal Server:


[01/09/2015 10:54 AM] - FAIL: Validation post isn't from PayPal!
[From:weblaspalmas.cyberneticos.com|164.138.210.90]IPN POST Vars Received By Paypal_IPN Response API:
IPN Response from Paypal Server:


[01/09/2015 1:44 PM] - FAIL: Validation post isn't from PayPal!
[From:weblaspalmas.cyberneticos.com|164.138.210.90]IPN POST Vars Received By Paypal_IPN Response API:
IPN Response from Paypal Server:


[01/09/2015 1:45 PM] - FAIL: Validation post isn't from PayPal!
[From:weblaspalmas.cyberneticos.com|164.138.210.90]IPN POST Vars Received By Paypal_IPN Response API:
IPN Response from Paypal Server:


[01/09/2015 11:44 PM] - FAIL: Validation post isn't from PayPal!
[From:weblaspalmas.cyberneticos.com|164.138.210.90]IPN POST Vars Received By Paypal_IPN Response API:
IPN Response from Paypal Server:


[01/12/2015 9:50 AM] - FAIL: Validation post isn't from PayPal!
[From:weblaspalmas.cyberneticos.com|164.138.210.90]IPN POST Vars Received By Paypal_IPN Response API:
IPN Response from Paypal Server:


[01/12/2015 9:51 AM] - FAIL: Validation post isn't from PayPal!
[From:weblaspalmas.cyberneticos.com|164.138.210.90]IPN POST Vars Received By Paypal_IPN Response API:
IPN Response from Paypal Server:


[01/13/2015 9:35 AM] - FAIL: Validation post isn't from PayPal!
[From:weblaspalmas.cyberneticos.com|164.138.210.90]IPN POST Vars Received By Paypal_IPN Response API:
IPN Response from Paypal Server:


[01/13/2015 12:01 PM] - FAIL: Validation post isn't from PayPal!
[From:weblaspalmas.cyberneticos.com|164.138.210.90]IPN POST Vars Received By Paypal_IPN Response API:
IPN Response from Paypal Server:


[01/14/2015 2:03 PM] - FAIL: Validation post isn't from PayPal!
[From:weblaspalmas.cyberneticos.com|164.138.210.90]IPN POST Vars Received By Paypal_IPN Response API:
IPN Response from Paypal Server:


[01/15/2015 9:41 AM] - FAIL: Validation post isn't from PayPal!
[From:weblaspalmas.cyberneticos.com|164.138.210.90]IPN POST Vars Received By Paypal_IPN Response API:
IPN Response from Paypal Server:


[01/15/2015 9:41 AM] - FAIL: Validation post isn't from PayPal!
[From:weblaspalmas.cyberneticos.com|164.138.210.90]IPN POST Vars Received By Paypal_IPN Response API:
IPN Response from Paypal Server:


[01/15/2015 10:34 AM] - FAIL: Validation post isn't from PayPal!
[From:weblaspalmas.cyberneticos.com|164.138.210.90]IPN POST Vars Received By Paypal_IPN Response API:
IPN Response from Paypal Server:


[01/15/2015 10:36 AM] - FAIL: Validation post isn't from PayPal!
[From:weblaspalmas.cyberneticos.com|164.138.210.90]IPN POST Vars Received By Paypal_IPN Response API:
IPN Response from Paypal Server:


[01/15/2015 10:37 AM] - FAIL: Validation post isn't from PayPal!
[From:weblaspalmas.cyberneticos.com|164.138.210.90]IPN POST Vars Received By Paypal_IPN Response API:
IPN Response from Paypal Server:


[01/16/2015 10:11 AM] - FAIL: Validation post isn't from PayPal!
[From:weblaspalmas.cyberneticos.com|164.138.210.90]IPN POST Vars Received By Paypal_IPN Response API:
IPN Response from Paypal Server:


[01/16/2015 10:31 AM] - FAIL: Validation post isn't from PayPal!
[From:weblaspalmas.cyberneticos.com|164.138.210.90]IPN POST Vars Received By Paypal_IPN Response API:
IPN Response from Paypal Server:


[01/16/2015 10:50 AM] - FAIL: Validation post isn't from PayPal!
[From:weblaspalmas.cyberneticos.com|164.138.210.90]IPN POST Vars Received By Paypal_IPN Response API:
IPN Response from Paypal Server:


[01/16/2015 11:08 AM] - FAIL: Validation post isn't from PayPal!
[From:weblaspalmas.cyberneticos.com|164.138.210.90]IPN POST Vars Received By Paypal_IPN Response API:
IPN Response from Paypal Server:


[01/16/2015 11:24 AM] - FAIL: Validation post isn't from PayPal!
[From:weblaspalmas.cyberneticos.com|164.138.210.90]IPN POST Vars Received By Paypal_IPN Response API:
IPN Response from Paypal Server:


[01/16/2015 12:40 PM] - FAIL: Validation post isn't from PayPal!
[From:weblaspalmas.cyberneticos.com|164.138.210.90]IPN POST Vars Received By Paypal_IPN Response API:
IPN Response from Paypal Server:


[01/16/2015 1:05 PM] - FAIL: Validation post isn't from PayPal!
[From:weblaspalmas.cyberneticos.com|164.138.210.90]IPN POST Vars Received By Paypal_IPN Response API:
IPN Response from Paypal Server:


[01/16/2015 1:24 PM] - FAIL: Validation post isn't from PayPal!
[From:weblaspalmas.cyberneticos.com|164.138.210.90]IPN POST Vars Received By Paypal_IPN Response API:
IPN Response from Paypal Server:


[01/16/2015 1:38 PM] - FAIL: Validation post isn't from PayPal!
[From:weblaspalmas.cyberneticos.com|164.138.210.90]IPN POST Vars Received By Paypal_IPN Response API:
IPN Response from Paypal Server:


[01/19/2015 9:54 AM] - FAIL: Validation post isn't from PayPal!
[From:weblaspalmas.cyberneticos.com|164.138.210.90]IPN POST Vars Received By Paypal_IPN Response API:
IPN Response from Paypal Server:


[01/20/2015 5:06 PM] - FAIL: Validation post isn't from PayPal!
[From:weblaspalmas.cyberneticos.com|164.138.210.90]IPN POST Vars Received By Paypal_IPN Response API:
IPN Response from Paypal Server:


[01/20/2015 5:06 PM] - FAIL: Validation post isn't from PayPal!
[From:weblaspalmas.cyberneticos.com|164.138.210.90]IPN POST Vars Received By Paypal_IPN Response API:
IPN Response from Paypal Server:


[01/20/2015 5:06 PM] - FAIL: Validation post isn't from PayPal!
[From:weblaspalmas.cyberneticos.com|164.138.210.90]IPN POST Vars Received By Paypal_IPN Response API:
IPN Response from Paypal Server:


[01/20/2015 5:06 PM] - FAIL: Validation post isn't from PayPal!
[From:weblaspalmas.cyberneticos.com|164.138.210.90]IPN POST Vars Received By Paypal_IPN Response API:
IPN Response from Paypal Server:


[01/20/2015 5:06 PM] - FAIL: Validation post isn't from PayPal!
[From:weblaspalmas.cyberneticos.com|164.138.210.90]IPN POST Vars Received By Paypal_IPN Response API:
IPN Response from Paypal Server:


[01/20/2015 5:06 PM] - FAIL: Validation post isn't from PayPal!
[From:weblaspalmas.cyberneticos.com|164.138.210.90]IPN POST Vars Received By Paypal_IPN Response API:
IPN Response from Paypal Server:


[01/21/2015 11:45 AM] - FAIL: Validation post isn't from PayPal!
[From:weblaspalmas.cyberneticos.com|164.138.210.90]IPN POST Vars Received By Paypal_IPN Response API:
IPN Response from Paypal Server:


[01/21/2015 4:20 PM] - FAIL: Validation post isn't from PayPal!
[From:weblaspalmas.cyberneticos.com|164.138.210.90]IPN POST Vars Received By Paypal_IPN Response API:
IPN Response from Paypal Server:


[01/23/2015 10:40 AM] - FAIL: Validation post isn't from PayPal!
[From:weblaspalmas.cyberneticos.com|164.138.210.90]IPN POST Vars Received By Paypal_IPN Response API:
IPN Response from Paypal Server:


[01/23/2015 10:44 AM] - FAIL: Validation post isn't from PayPal!
[From:weblaspalmas.cyberneticos.com|164.138.210.90]IPN POST Vars Received By Paypal_IPN Response API:
IPN Response from Paypal Server:


[01/23/2015 12:22 PM] - FAIL: Validation post isn't from PayPal!
[From:weblaspalmas.cyberneticos.com|164.138.210.90]IPN POST Vars Received By Paypal_IPN Response API:
IPN Response from Paypal Server:


[01/23/2015 12:24 PM] - FAIL: Validation post isn't from PayPal!
[From:weblaspalmas.cyberneticos.com|164.138.210.90]IPN POST Vars Received By Paypal_IPN Response API:
IPN Response from Paypal Server:


[01/23/2015 12:26 PM] - FAIL: Validation post isn't from PayPal!
[From:weblaspalmas.cyberneticos.com|164.138.210.90]IPN POST Vars Received By Paypal_IPN Response API:
IPN Response from Paypal Server:


[01/23/2015 12:27 PM] - FAIL: Validation post isn't from PayPal!
[From:weblaspalmas.cyberneticos.com|164.138.210.90]IPN POST Vars Received By Paypal_IPN Response API:
IPN Response from Paypal Server:


[01/23/2015 12:28 PM] - FAIL: Validation post isn't from PayPal!
[From:weblaspalmas.cyberneticos.com|164.138.210.90]IPN POST Vars Received By Paypal_IPN Response API:
IPN Response from Paypal Server:


[01/23/2015 12:28 PM] - FAIL: Validation post isn't from PayPal!
[From:weblaspalmas.cyberneticos.com|164.138.210.90]IPN POST Vars Received By Paypal_IPN Response API:
IPN Response from Paypal Server:


[01/23/2015 12:29 PM] - FAIL: Validation post isn't from PayPal!
[From:weblaspalmas.cyberneticos.com|164.138.210.90]IPN POST Vars Received By Paypal_IPN Response API:
IPN Response from Paypal Server:


[01/23/2015 12:32 PM] - FAIL: Validation post isn't from PayPal!
[From:weblaspalmas.cyberneticos.com|164.138.210.90]IPN POST Vars Received By Paypal_IPN Response API:
IPN Response from Paypal Server:


[01/23/2015 12:32 PM] - FAIL: Validation post isn't from PayPal!
[From:weblaspalmas.cyberneticos.com|164.138.210.90]IPN POST Vars Received By Paypal_IPN Response API:
IPN Response from Paypal Server:


[01/23/2015 12:37 PM] - FAIL: Validation post isn't from PayPal!
[From:weblaspalmas.cyberneticos.com|164.138.210.90]IPN POST Vars Received By Paypal_IPN Response API:
IPN Response from Paypal Server:


[01/28/2015 11:27 AM] - FAIL: Validation post isn't from PayPal!
[From:weblaspalmas.cyberneticos.com|164.138.210.90]IPN POST Vars Received By Paypal_IPN Response API:
IPN Response from Paypal Server:


[01/28/2015 11:35 AM] - FAIL: Validation post isn't from PayPal!
[From:weblaspalmas.cyberneticos.com|164.138.210.90]IPN POST Vars Received By Paypal_IPN Response API:
IPN Response from Paypal Server:


[01/28/2015 11:39 AM] - FAIL: Validation post isn't from PayPal!
[From:weblaspalmas.cyberneticos.com|164.138.210.90]IPN POST Vars Received By Paypal_IPN Response API:
IPN Response from Paypal Server:


[01/28/2015 11:42 AM] - FAIL: Validation post isn't from PayPal!
[From:weblaspalmas.cyberneticos.com|164.138.210.90]IPN POST Vars Received By Paypal_IPN Response API:
IPN Response from Paypal Server:


[01/28/2015 11:42 AM] - FAIL: Validation post isn't from PayPal!
[From:weblaspalmas.cyberneticos.com|164.138.210.90]IPN POST Vars Received By Paypal_IPN Response API:
IPN Response from Paypal Server:


[01/28/2015 11:43 AM] - FAIL: Validation post isn't from PayPal!
[From:weblaspalmas.cyberneticos.com|164.138.210.90]IPN POST Vars Received By Paypal_IPN Response API:
IPN Response from Paypal Server:


[01/28/2015 11:44 AM] - FAIL: Validation post isn't from PayPal!
[From:weblaspalmas.cyberneticos.com|164.138.210.90]IPN POST Vars Received By Paypal_IPN Response API:
IPN Response from Paypal Server:


[01/28/2015 11:44 AM] - FAIL: Validation post isn't from PayPal!
[From:weblaspalmas.cyberneticos.com|164.138.210.90]IPN POST Vars Received By Paypal_IPN Response API:
IPN Response from Paypal Server:


[01/28/2015 11:50 AM] - FAIL: Validation post isn't from PayPal!
[From:weblaspalmas.cyberneticos.com|164.138.210.90]IPN POST Vars Received By Paypal_IPN Response API:
IPN Response from Paypal Server:


[01/28/2015 11:53 AM] - FAIL: Validation post isn't from PayPal!
[From:weblaspalmas.cyberneticos.com|164.138.210.90]IPN POST Vars Received By Paypal_IPN Response API:
IPN Response from Paypal Server:


[01/29/2015 12:45 PM] - FAIL: Validation post isn't from PayPal!
[From:weblaspalmas.cyberneticos.com|164.138.210.90]IPN POST Vars Received By Paypal_IPN Response API:
IPN Response from Paypal Server:


[01/30/2015 12:18 PM] - FAIL: Validation post isn't from PayPal!
[From:weblaspalmas.cyberneticos.com|164.138.210.90]IPN POST Vars Received By Paypal_IPN Response API:
IPN Response from Paypal Server:


[01/30/2015 12:23 PM] - FAIL: Validation post isn't from PayPal!
[From:weblaspalmas.cyberneticos.com|164.138.210.90]IPN POST Vars Received By Paypal_IPN Response API:
IPN Response from Paypal Server:


[01/30/2015 12:24 PM] - FAIL: Validation post isn't from PayPal!
[From:weblaspalmas.cyberneticos.com|164.138.210.90]IPN POST Vars Received By Paypal_IPN Response API:
IPN Response from Paypal Server:


[01/30/2015 12:25 PM] - FAIL: Validation post isn't from PayPal!
[From:weblaspalmas.cyberneticos.com|164.138.210.90]IPN POST Vars Received By Paypal_IPN Response API:
IPN Response from Paypal Server:


[01/30/2015 12:26 PM] - FAIL: Validation post isn't from PayPal!
[From:weblaspalmas.cyberneticos.com|164.138.210.90]IPN POST Vars Received By Paypal_IPN Response API:
IPN Response from Paypal Server:


[01/30/2015 12:26 PM] - FAIL: Validation post isn't from PayPal!
[From:weblaspalmas.cyberneticos.com|164.138.210.90]IPN POST Vars Received By Paypal_IPN Response API:
IPN Response from Paypal Server:


[01/30/2015 12:28 PM] - FAIL: Validation post isn't from PayPal!
[From:weblaspalmas.cyberneticos.com|164.138.210.90]IPN POST Vars Received By Paypal_IPN Response API:
IPN Response from Paypal Server:


[01/31/2015 10:19 PM] - FAIL: Validation post isn't from PayPal!
[From:weblaspalmas.cyberneticos.com|164.138.210.90]IPN POST Vars Received By Paypal_IPN Response API:
IPN Response from Paypal Server:


[01/31/2015 10:19 PM] - FAIL: Validation post isn't from PayPal!
[From:weblaspalmas.cyberneticos.com|164.138.210.90]IPN POST Vars Received By Paypal_IPN Response API:
IPN Response from Paypal Server:


[01/31/2015 10:22 PM] - FAIL: Validation post isn't from PayPal!
[From:weblaspalmas.cyberneticos.com|164.138.210.90]IPN POST Vars Received By Paypal_IPN Response API:
IPN Response from Paypal Server:


[01/31/2015 10:25 PM] - FAIL: Validation post isn't from PayPal!
[From:weblaspalmas.cyberneticos.com|164.138.210.90]IPN POST Vars Received By Paypal_IPN Response API:
IPN Response from Paypal Server:


[01/31/2015 10:27 PM] - FAIL: Validation post isn't from PayPal!
[From:weblaspalmas.cyberneticos.com|164.138.210.90]IPN POST Vars Received By Paypal_IPN Response API:
IPN Response from Paypal Server:


[01/31/2015 10:27 PM] - FAIL: Validation post isn't from PayPal!
[From:weblaspalmas.cyberneticos.com|164.138.210.90]IPN POST Vars Received By Paypal_IPN Response API:
IPN Response from Paypal Server:


[01/31/2015 10:28 PM] - FAIL: Validation post isn't from PayPal!
[From:weblaspalmas.cyberneticos.com|164.138.210.90]IPN POST Vars Received By Paypal_IPN Response API:
IPN Response from Paypal Server:


[01/31/2015 10:29 PM] - FAIL: Validation post isn't from PayPal!
[From:weblaspalmas.cyberneticos.com|164.138.210.90]IPN POST Vars Received By Paypal_IPN Response API:
IPN Response from Paypal Server:


[01/31/2015 10:29 PM] - FAIL: Validation post isn't from PayPal!
[From:weblaspalmas.cyberneticos.com|164.138.210.90]IPN POST Vars Received By Paypal_IPN Response API:
IPN Response from Paypal Server:


[02/02/2015 11:04 AM] - FAIL: Validation post isn't from PayPal!
[From:weblaspalmas.cyberneticos.com|164.138.210.90]IPN POST Vars Received By Paypal_IPN Response API:
IPN Response from Paypal Server:


[02/03/2015 9:11 PM] - FAIL: Validation post isn't from PayPal!
[From:weblaspalmas.cyberneticos.com|164.138.210.90]IPN POST Vars Received By Paypal_IPN Response API:
IPN Response from Paypal Server:


[02/05/2015 9:42 PM] - FAIL: Validation post isn't from PayPal!
[From:weblaspalmas.cyberneticos.com|164.138.210.90]IPN POST Vars Received By Paypal_IPN Response API:
IPN Response from Paypal Server:


[02/06/2015 9:04 AM] - FAIL: Validation post isn't from PayPal!
[From:weblaspalmas.cyberneticos.com|164.138.210.90]IPN POST Vars Received By Paypal_IPN Response API:
IPN Response from Paypal Server:


[02/06/2015 9:26 AM] - FAIL: Validation post isn't from PayPal!
[From:weblaspalmas.cyberneticos.com|164.138.210.90]IPN POST Vars Received By Paypal_IPN Response API:
IPN Response from Paypal Server:


[02/06/2015 10:19 AM] - FAIL: Validation post isn't from PayPal!
[From:weblaspalmas.cyberneticos.com|164.138.210.90]IPN POST Vars Received By Paypal_IPN Response API:
IPN Response from Paypal Server:


[02/06/2015 12:04 PM] - SUCCESS:IPN VERIFIED!
[From:notify.paypal.com|173.0.81.1]IPN POST Vars Received By Paypal_IPN Response API:
mc_gross=19.95 
protection_eligibility=Ineligible 
address_status=unconfirmed 
payer_id=BQ8WK853DAP4Y 
tax=0.00 
address_street=C/. MULAN NUMERO 67 
payment_date=03:53:03 Feb 06, 2015 PST 
payment_status=Completed 
charset=windows-1252 
address_zip=35120 
first_name=VICTOR MANUEL 
mc_fee=1.03 
address_country_code=ES 
address_name=VICTOR MANUEL MOROTE ALBERT 
notify_version=3.8 
custom=205 
payer_status=unverified 
business=info@oposicionesalbert.com 
address_country=Spain 
address_city=ARINAGA 
quantity=1 
verify_sign=AsgamUHzrrdYbaC1rw8esAsqJEIOASwoj0ygcf4.GOCX4o6XtGFHDW1z 
payer_email=victor.morote.albert@oposicionesalbert.com 
memo=Una nota para el vendedor compra de prueba 
txn_id=9W9474598G238800D 
payment_type=instant 
last_name=MOROTE ALBERT 
address_state=Las Palmas 
receiver_email=info@tutest.es 
payment_fee= 
receiver_id=GK7DTZA8BM4S4 
txn_type=web_accept 
item_name=G - 12) Temas 61 a 68 
mc_currency=EUR 
item_number= 
residence_country=ES 
receipt_id=5086-5680-5991-4046 
handling_amount=0.00 
transaction_subject=205 
payment_gross= 
shipping=0.00 
ipn_track_id=24044a439aebe 
IPN Response from Paypal Server:
HTTP/1.1 200 OK
Server: Apache
X-Frame-Options: SAMEORIGIN
Content-Type: text/html; charset=UTF-8
DC: slc-b-origin-www-1.paypal.com
Date: Fri, 06 Feb 2015 12:04:41 GMT
Content-Length: 8
Connection: close
Set-Cookie: cwrClyrK4LoCV1fydGbAxiNL6iG=b2ow4qiSKFLyMXFDsWYXQtv_Ol0SFPW1XwCv5Tv6sJSns4TZNi__K4951kuHxtQAttmlutRInGtKzPLoh5mPkK5aXRPFdp6Z8oeXovg9vfnw6svecwH5iZPw01jML09Rn_zxKxQa_OYEBdhwNp-uJ-oyASXpiTfXn8NpMWWoGFugnoMgC-yRJuAUy3aiyvoZsQPKCyeqjN3U08OG6QXUAs0T0grvwBoROb-JqUsXEezt8fPOkmRoEkM7AKPUMGzFo59INL5ndXSS8Hn3Vi19QZ8FGDRg3xyTVu5Ttzh-jkWFpzwzW1K0juMNIYsTf1HFImq5yINv-m7VjSZJ96z82Dibua--zwE81CWJ4qKPzcKu3yKHrDZPCusljkSU3zwHtBXy-kSXpIA1LNsWtnvHfKvOXqXyygcXwOuCw-l7svGBErQg7-V6D1ENta0; domain=.paypal.com; path=/; Secure; HttpOnly
Set-Cookie: cookie_check=yes; expires=Mon, 03-Feb-2025 12:04:41 GMT; domain=.paypal.com; path=/; Secure; HttpOnly
Set-Cookie: navcmd=_notify-validate; domain=.paypal.com; path=/; Secure; HttpOnly
Set-Cookie: navlns=0.0; expires=Sun, 05-Feb-2017 12:04:41 GMT; domain=.paypal.com; path=/; Secure; HttpOnly
Set-Cookie: Apache=10.74.8.137.1423224280872251; path=/; expires=Sun, 29-Jan-45 12:04:40 GMT
Set-Cookie: X-PP-SILOVER=name%3DLIVE6.WEB.1%26silo_version%3D880%26app%3Dappdispatcher%26TIME%3D3635270740; domain=.paypal.com; path=/; Secure; HttpOnly
Set-Cookie: X-PP-SILOVER=; Expires=Thu, 01 Jan 1970 00:00:01 GMT
Set-Cookie: Apache=10.74.8.46.1423224280861347; path=/; expires=Sun, 29-Jan-45 12:04:40 GMT
Set-Cookie: AKDC=slc-b-origin-www-1.paypal.com; expires=Fri, 06-Feb-2015 12:34:41 GMT; path=/; secure
Strict-Transport-Security: max-age=63072000

VERIFIED

[02/07/2015 7:56 AM] - FAIL: Validation post isn't from PayPal!
[From:weblaspalmas.cyberneticos.com|164.138.210.90]IPN POST Vars Received By Paypal_IPN Response API:
IPN Response from Paypal Server:


[02/07/2015 9:11 AM] - FAIL: Validation post isn't from PayPal!
[From:weblaspalmas.cyberneticos.com|164.138.210.90]IPN POST Vars Received By Paypal_IPN Response API:
IPN Response from Paypal Server:


[02/07/2015 10:09 AM] - FAIL: Validation post isn't from PayPal!
[From:weblaspalmas.cyberneticos.com|164.138.210.90]IPN POST Vars Received By Paypal_IPN Response API:
IPN Response from Paypal Server:


[02/07/2015 4:22 PM] - FAIL: Validation post isn't from PayPal!
[From:weblaspalmas.cyberneticos.com|164.138.210.90]IPN POST Vars Received By Paypal_IPN Response API:
IPN Response from Paypal Server:


[02/07/2015 7:57 PM] - FAIL: Validation post isn't from PayPal!
[From:weblaspalmas.cyberneticos.com|164.138.210.90]IPN POST Vars Received By Paypal_IPN Response API:
IPN Response from Paypal Server:


[02/07/2015 8:33 PM] - FAIL: Validation post isn't from PayPal!
[From:weblaspalmas.cyberneticos.com|164.138.210.90]IPN POST Vars Received By Paypal_IPN Response API:
IPN Response from Paypal Server:


[02/09/2015 10:26 AM] - FAIL: Validation post isn't from PayPal!
[From:weblaspalmas.cyberneticos.com|164.138.210.90]IPN POST Vars Received By Paypal_IPN Response API:
IPN Response from Paypal Server:


[02/09/2015 3:12 PM] - FAIL: Validation post isn't from PayPal!
[From:weblaspalmas.cyberneticos.com|164.138.210.90]IPN POST Vars Received By Paypal_IPN Response API:
IPN Response from Paypal Server:


[02/10/2015 12:41 AM] - FAIL: Validation post isn't from PayPal!
[From:weblaspalmas.cyberneticos.com|164.138.210.90]IPN POST Vars Received By Paypal_IPN Response API:
IPN Response from Paypal Server:


[02/10/2015 9:53 AM] - FAIL: Validation post isn't from PayPal!
[From:weblaspalmas.cyberneticos.com|164.138.210.90]IPN POST Vars Received By Paypal_IPN Response API:
IPN Response from Paypal Server:


[02/10/2015 1:18 PM] - FAIL: Validation post isn't from PayPal!
[From:weblaspalmas.cyberneticos.com|164.138.210.90]IPN POST Vars Received By Paypal_IPN Response API:
IPN Response from Paypal Server:


[02/10/2015 1:20 PM] - FAIL: Validation post isn't from PayPal!
[From:weblaspalmas.cyberneticos.com|164.138.210.90]IPN POST Vars Received By Paypal_IPN Response API:
IPN Response from Paypal Server:


[02/10/2015 1:55 PM] - FAIL: Validation post isn't from PayPal!
[From:weblaspalmas.cyberneticos.com|164.138.210.90]IPN POST Vars Received By Paypal_IPN Response API:
IPN Response from Paypal Server:


[02/10/2015 6:10 PM] - FAIL: Validation post isn't from PayPal!
[From:weblaspalmas.cyberneticos.com|164.138.210.90]IPN POST Vars Received By Paypal_IPN Response API:
IPN Response from Paypal Server:


[02/10/2015 6:35 PM] - FAIL: Validation post isn't from PayPal!
[From:weblaspalmas.cyberneticos.com|164.138.210.90]IPN POST Vars Received By Paypal_IPN Response API:
IPN Response from Paypal Server:


[02/10/2015 6:51 PM] - FAIL: Validation post isn't from PayPal!
[From:weblaspalmas.cyberneticos.com|164.138.210.90]IPN POST Vars Received By Paypal_IPN Response API:
IPN Response from Paypal Server:


[02/10/2015 9:02 PM] - FAIL: Validation post isn't from PayPal!
[From:weblaspalmas.cyberneticos.com|164.138.210.90]IPN POST Vars Received By Paypal_IPN Response API:
IPN Response from Paypal Server:


[02/11/2015 5:26 AM] - SUCCESS:IPN VERIFIED!
[From:notify.paypal.com|173.0.81.1]IPN POST Vars Received By Paypal_IPN Response API:
mc_gross=19.95 
protection_eligibility=Ineligible 
address_status=unconfirmed 
payer_id=ZDGMM9UP5FAB2 
tax=0.00 
address_street=c/Vall de la Musa, 26 
payment_date=21:27:08 Feb 10, 2015 PST 
payment_status=Pending 
charset=windows-1252 
address_zip=08757 
first_name=DIANA 
address_country_code=ES 
address_name=DIANA CEBALLOS FERNANDEZ 
notify_version=3.8 
custom=284 
payer_status=unverified 
address_country=Spain 
address_city=Corbera de Llobregat 
quantity=1 
verify_sign=AWRGIdQpm8i.44hPRS.4-eHsE6J7AtcbwCvArX4THy11oGFDVWJAHLaB 
payer_email=tragaleyes@hotmail.com 
txn_id=87U63241EB164492T 
payment_type=instant 
last_name=CEBALLOS FERNANDEZ 
address_state=Barcelona 
receiver_email=info@oposicionesalbert.com 
pending_reason=unilateral 
txn_type=web_accept 
item_name=T - 7) Temas 11 a 15 
mc_currency=EUR 
item_number= 
residence_country=ES 
handling_amount=0.00 
transaction_subject=284 
payment_gross= 
shipping=0.00 
ipn_track_id=14903a80c1cbd 
IPN Response from Paypal Server:
HTTP/1.1 200 OK
Server: Apache
X-Frame-Options: SAMEORIGIN
Content-Type: text/html; charset=UTF-8
DC: slc-b-origin-www-2.paypal.com
Date: Wed, 11 Feb 2015 05:27:13 GMT
Content-Length: 8
Connection: close
Set-Cookie: cwrClyrK4LoCV1fydGbAxiNL6iG=DZrHyEM6LQOVOvnGdRuVZF2jYsy7mUrS86dr7x-XkfxwQhQOukutT-eI9ifsywHk4yKMNXV-1NsxaVHKIoeYXx5FPbFXD2hdrRqxA46V4X-pUCyqFod18x1UtbvTOkV-qe3FQra0XmrTB9JrZuzX_BCbDLKgjUMpF6UiYwI6w70hrH-cPfyqXmQeBT94KW5zLdwNTZCCOs3PxQ6hHeYParMcSWrKAG-0kEvnuMI_rPTsWZ1DxG1orotVlJ8mTMrfq-Gu0qn24p0GRK-xiVjBt03ed8huNhNObe6pE5mjtqo1K1oUu4E1hN6_yxBLZEGUsgZB-Hffbr22LQ1_42_SEHwctnqW_phmTm36gwuI91Jk5K4YzcidOyf1ylQYF5Y7c0CWFx_haMckVsX3ZabCVNLy76x-nI20E36M88Sy_Xoj9WUIXFCD1QWuwyq; domain=.paypal.com; path=/; Secure; HttpOnly
Set-Cookie: cookie_check=yes; expires=Sat, 08-Feb-2025 05:27:13 GMT; domain=.paypal.com; path=/; Secure; HttpOnly
Set-Cookie: navcmd=_notify-validate; domain=.paypal.com; path=/; Secure; HttpOnly
Set-Cookie: navlns=0.0; expires=Fri, 10-Feb-2017 05:27:13 GMT; domain=.paypal.com; path=/; Secure; HttpOnly
Set-Cookie: Apache=10.74.8.134.1423632433191035; path=/; expires=Fri, 03-Feb-45 05:27:13 GMT
Set-Cookie: X-PP-SILOVER=name%3DLIVE6.WEB.1%26silo_version%3D880%26app%3Dappdispatcher%26TIME%3D837343828; domain=.paypal.com; path=/; Secure; HttpOnly
Set-Cookie: X-PP-SILOVER=; Expires=Thu, 01 Jan 1970 00:00:01 GMT
Set-Cookie: Apache=10.74.8.68.1423632433174486; path=/; expires=Fri, 03-Feb-45 05:27:13 GMT
Set-Cookie: AKDC=slc-b-origin-www-2.paypal.com; expires=Wed, 11-Feb-2015 05:57:13 GMT; path=/; secure
Strict-Transport-Security: max-age=63072000

VERIFIED

[02/11/2015 5:28 AM] - SUCCESS:IPN VERIFIED!
[From:notify.paypal.com|173.0.81.1]IPN POST Vars Received By Paypal_IPN Response API:
mc_gross=19.95 
protection_eligibility=Ineligible 
address_status=unconfirmed 
payer_id=ZDGMM9UP5FAB2 
tax=0.00 
address_street=c/Vall de la Musa, 26 
payment_date=21:28:18 Feb 10, 2015 PST 
payment_status=Pending 
charset=windows-1252 
address_zip=08757 
first_name=DIANA 
address_country_code=ES 
address_name=DIANA CEBALLOS FERNANDEZ 
notify_version=3.8 
custom=285 
payer_status=unverified 
address_country=Spain 
address_city=Corbera de Llobregat 
quantity=1 
verify_sign=AuEjvRZYbzGezl63OOp0RaO7fO9WA4opS.ouM38vkgbWuFbc8jtzOt88 
payer_email=tragaleyes@hotmail.com 
txn_id=3E651986C6218974J 
payment_type=instant 
last_name=CEBALLOS FERNANDEZ 
address_state=Barcelona 
receiver_email=info@oposicionesalbert.com 
pending_reason=unilateral 
txn_type=web_accept 
item_name=T - 6) Temas 6 a 10 
mc_currency=EUR 
item_number= 
residence_country=ES 
handling_amount=0.00 
transaction_subject=285 
payment_gross= 
shipping=0.00 
ipn_track_id=fa86607b9da3b 
IPN Response from Paypal Server:
HTTP/1.1 200 OK
Server: Apache
X-Frame-Options: SAMEORIGIN
Content-Type: text/html; charset=UTF-8
DC: slc-b-origin-www-2.paypal.com
Date: Wed, 11 Feb 2015 05:28:22 GMT
Content-Length: 8
Connection: close
Set-Cookie: cwrClyrK4LoCV1fydGbAxiNL6iG=Ga7gLmrJb59uO5AjvIMwmA4-LYc08nBQmY-5pJ5nv2ZmI6hQfOmmQiHz1Xfbo8f7nZdyygGOHDaDmvwPY2Fc5tc0ymwaiTDWrEOGoFaQbgioBJwxRa4dC76k6EMTgZpJePLRWNr88ngiJyTi-vBSzpCUMxmkAo8kN8EAYvJPZMTIPuq37ezNEnZPIW8vcWOCPPMRLnWojZrq9dz9ie5nZCEBa6WKh1n9e2LbbnRirZM2n3rp9FMeAjSgLacM57_50ygPsyGrU6UQqoYhuA0gCA942FkrY55gKWeP6zb3Aabl4k1GzdNZJcaKct0-DT3vaX4yTYyOotAZnyhxLZM7ukiaBGGM55StGA35QeFbU0tb8TsSlM8EB6p2PC_dZ34xcwJOP4vEL11xvopVBD3LtmhwZgkoh3PZkGRXbUhL2zYZytHYiMZGxq01-jC; domain=.paypal.com; path=/; Secure; HttpOnly
Set-Cookie: cookie_check=yes; expires=Sat, 08-Feb-2025 05:28:22 GMT; domain=.paypal.com; path=/; Secure; HttpOnly
Set-Cookie: navcmd=_notify-validate; domain=.paypal.com; path=/; Secure; HttpOnly
Set-Cookie: navlns=0.0; expires=Fri, 10-Feb-2017 05:28:22 GMT; domain=.paypal.com; path=/; Secure; HttpOnly
Set-Cookie: Apache=10.74.8.134.1423632502162411; path=/; expires=Fri, 03-Feb-45 05:28:22 GMT
Set-Cookie: X-PP-SILOVER=name%3DLIVE6.WEB.1%26silo_version%3D880%26app%3Dappdispatcher%26TIME%3D1994971732; domain=.paypal.com; path=/; Secure; HttpOnly
Set-Cookie: X-PP-SILOVER=; Expires=Thu, 01 Jan 1970 00:00:01 GMT
Set-Cookie: Apache=10.74.8.70.1423632502150906; path=/; expires=Fri, 03-Feb-45 05:28:22 GMT
Set-Cookie: AKDC=slc-b-origin-www-2.paypal.com; expires=Wed, 11-Feb-2015 05:58:22 GMT; path=/; secure
Strict-Transport-Security: max-age=63072000

VERIFIED

[02/11/2015 6:44 AM] - FAIL: Validation post isn't from PayPal!
[From:weblaspalmas.cyberneticos.com|164.138.210.90]IPN POST Vars Received By Paypal_IPN Response API:
IPN Response from Paypal Server:


[02/11/2015 8:59 AM] - FAIL: Validation post isn't from PayPal!
[From:weblaspalmas.cyberneticos.com|164.138.210.90]IPN POST Vars Received By Paypal_IPN Response API:
IPN Response from Paypal Server:


[02/11/2015 2:18 PM] - FAIL: Validation post isn't from PayPal!
[From:weblaspalmas.cyberneticos.com|164.138.210.90]IPN POST Vars Received By Paypal_IPN Response API:
IPN Response from Paypal Server:


[02/11/2015 3:51 PM] - FAIL: Validation post isn't from PayPal!
[From:weblaspalmas.cyberneticos.com|164.138.210.90]IPN POST Vars Received By Paypal_IPN Response API:
IPN Response from Paypal Server:


[02/11/2015 6:17 PM] - FAIL: Validation post isn't from PayPal!
[From:weblaspalmas.cyberneticos.com|164.138.210.90]IPN POST Vars Received By Paypal_IPN Response API:
IPN Response from Paypal Server:


[02/11/2015 8:20 PM] - FAIL: Validation post isn't from PayPal!
[From:weblaspalmas.cyberneticos.com|164.138.210.90]IPN POST Vars Received By Paypal_IPN Response API:
IPN Response from Paypal Server:


[02/12/2015 1:01 AM] - FAIL: Validation post isn't from PayPal!
[From:weblaspalmas.cyberneticos.com|164.138.210.90]IPN POST Vars Received By Paypal_IPN Response API:
IPN Response from Paypal Server:


[02/12/2015 2:32 AM] - FAIL: Validation post isn't from PayPal!
[From:weblaspalmas.cyberneticos.com|164.138.210.90]IPN POST Vars Received By Paypal_IPN Response API:
IPN Response from Paypal Server:


[02/12/2015 6:03 PM] - SUCCESS:IPN VERIFIED!
[From:notify.paypal.com|173.0.81.1]IPN POST Vars Received By Paypal_IPN Response API:
mc_gross=39.95 
protection_eligibility=Ineligible 
address_status=unconfirmed 
payer_id=K49Q3M6MQUND8 
tax=0.00 
address_street=DOCTOR FERRAN 
payment_date=10:03:51 Feb 12, 2015 PST 
payment_status=Pending 
charset=windows-1252 
address_zip=17480 
first_name=MARGARITA 
address_country_code=ES 
address_name=MARGARITA GARCIA REYERO 
notify_version=3.8 
custom=308 
payer_status=unverified 
address_country=Spain 
address_city=ROSES 
quantity=1 
verify_sign=AT4xDvDJYKk9-12wiexFelKlzL8mAAQdA6u-Wd8ZwC91H.jqi45it6KJ 
payer_email=veda108@gmail.com 
txn_id=9SC24363UL002630U 
payment_type=instant 
last_name=GARCIA REYERO 
address_state=Gerona 
receiver_email=info@oposicionesalbert.com 
pending_reason=unilateral 
txn_type=web_accept 
item_name=T - 8) Temas 16 a 20 
mc_currency=EUR 
item_number= 
residence_country=ES 
handling_amount=0.00 
transaction_subject=308 
payment_gross= 
shipping=0.00 
ipn_track_id=308a86d914fc2 
IPN Response from Paypal Server:
HTTP/1.1 200 OK
Server: Apache
X-Frame-Options: SAMEORIGIN
Content-Type: text/html; charset=UTF-8
DC: slc-b-origin-www-1.paypal.com
Date: Thu, 12 Feb 2015 18:04:02 GMT
Content-Length: 8
Connection: close
Set-Cookie: cwrClyrK4LoCV1fydGbAxiNL6iG=eiwnFUP4cin7ldOstymmp9MZFmUIXWt5os6hodpP9EP1jxNXQpr4eGXlQUDGSyOr4v4QFJgaqLLgc9r0updfa0NV4Lg4LRc9tpFGoxjo_xiZb5DjAIKIuBInWPTu-Z6LCIk764kPeGUYemOGSQG_8GzFVxC74JX1Q1A9jcJ4bQ7jHHQ_OuwV3ralMxD0BixsQrKWFwJqSTfSAOywNW6A9WXTAvhIH_mO03fhbsuZ5_sVhWqdR3HFNM1hEL24o5IQRqM-fC1vjAKK89kgOIvuUd5xWRVPDtn-k_5llBqQd6pXcZilFhAK5GXehrIirCgkeQ5POkAjuFtiyrGuJVeOPC32USLIugMr9rYoODybBaS5cZ8JPR1laSl37_xgKvluwLNSf0zmDIps0kvrQQpa21197P6pt1MdxKree3e5xBxE_tX-guA58pXUtem; domain=.paypal.com; path=/; Secure; HttpOnly
Set-Cookie: cookie_check=yes; expires=Sun, 09-Feb-2025 18:04:02 GMT; domain=.paypal.com; path=/; Secure; HttpOnly
Set-Cookie: navcmd=_notify-validate; domain=.paypal.com; path=/; Secure; HttpOnly
Set-Cookie: navlns=0.0; expires=Sat, 11-Feb-2017 18:04:02 GMT; domain=.paypal.com; path=/; Secure; HttpOnly
Set-Cookie: Apache=10.74.8.137.1423764241729972; path=/; expires=Sat, 04-Feb-45 18:04:01 GMT
Set-Cookie: X-PP-SILOVER=name%3DLIVE6.WEB.1%26silo_version%3D880%26app%3Dappdispatcher%26TIME%3D300670036; domain=.paypal.com; path=/; Secure; HttpOnly
Set-Cookie: X-PP-SILOVER=; Expires=Thu, 01 Jan 1970 00:00:01 GMT
Set-Cookie: Apache=10.74.8.37.1423764241720145; path=/; expires=Sat, 04-Feb-45 18:04:01 GMT
Set-Cookie: AKDC=slc-b-origin-www-1.paypal.com; expires=Thu, 12-Feb-2015 18:34:02 GMT; path=/; secure
Strict-Transport-Security: max-age=63072000

VERIFIED

[02/12/2015 9:40 PM] - FAIL: Validation post isn't from PayPal!
[From:weblaspalmas.cyberneticos.com|164.138.210.90]IPN POST Vars Received By Paypal_IPN Response API:
IPN Response from Paypal Server:


[02/13/2015 10:53 PM] - FAIL: Validation post isn't from PayPal!
[From:weblaspalmas.cyberneticos.com|164.138.210.90]IPN POST Vars Received By Paypal_IPN Response API:
IPN Response from Paypal Server:


[02/14/2015 12:03 PM] - FAIL: Validation post isn't from PayPal!
[From:weblaspalmas.cyberneticos.com|164.138.210.90]IPN POST Vars Received By Paypal_IPN Response API:
IPN Response from Paypal Server:


[02/14/2015 3:38 PM] - FAIL: Validation post isn't from PayPal!
[From:weblaspalmas.cyberneticos.com|164.138.210.90]IPN POST Vars Received By Paypal_IPN Response API:
IPN Response from Paypal Server:


[02/14/2015 7:01 PM] - FAIL: Validation post isn't from PayPal!
[From:weblaspalmas.cyberneticos.com|164.138.210.90]IPN POST Vars Received By Paypal_IPN Response API:
IPN Response from Paypal Server:


[02/14/2015 8:39 PM] - FAIL: Validation post isn't from PayPal!
[From:weblaspalmas.cyberneticos.com|164.138.210.90]IPN POST Vars Received By Paypal_IPN Response API:
IPN Response from Paypal Server:


[02/14/2015 9:07 PM] - FAIL: Validation post isn't from PayPal!
[From:weblaspalmas.cyberneticos.com|164.138.210.90]IPN POST Vars Received By Paypal_IPN Response API:
IPN Response from Paypal Server:


[02/16/2015 2:55 PM] - FAIL: Validation post isn't from PayPal!
[From:weblaspalmas.cyberneticos.com|164.138.210.90]IPN POST Vars Received By Paypal_IPN Response API:
IPN Response from Paypal Server:


[02/17/2015 12:20 PM] - FAIL: Validation post isn't from PayPal!
[From:weblaspalmas.cyberneticos.com|164.138.210.90]IPN POST Vars Received By Paypal_IPN Response API:
IPN Response from Paypal Server:


[02/17/2015 10:37 PM] - FAIL: Validation post isn't from PayPal!
[From:weblaspalmas.cyberneticos.com|164.138.210.90]IPN POST Vars Received By Paypal_IPN Response API:
IPN Response from Paypal Server:


[02/18/2015 8:24 PM] - FAIL: Validation post isn't from PayPal!
[From:weblaspalmas.cyberneticos.com|164.138.210.90]IPN POST Vars Received By Paypal_IPN Response API:
IPN Response from Paypal Server:


[02/20/2015 12:56 AM] - FAIL: Validation post isn't from PayPal!
[From:weblaspalmas2.cyberneticos.net|5.79.73.217]IPN POST Vars Received By Paypal_IPN Response API:
IPN Response from Paypal Server:


[02/20/2015 9:41 AM] - FAIL: Validation post isn't from PayPal!
[From:weblaspalmas2.cyberneticos.net|5.79.73.217]IPN POST Vars Received By Paypal_IPN Response API:
IPN Response from Paypal Server:


[02/20/2015 8:39 PM] - FAIL: Validation post isn't from PayPal!
[From:weblaspalmas2.cyberneticos.net|5.79.73.217]IPN POST Vars Received By Paypal_IPN Response API:
IPN Response from Paypal Server:


[02/22/2015 10:44 AM] - FAIL: Validation post isn't from PayPal!
[From:weblaspalmas2.cyberneticos.net|5.79.73.217]IPN POST Vars Received By Paypal_IPN Response API:
IPN Response from Paypal Server:


[02/22/2015 7:24 PM] - FAIL: Validation post isn't from PayPal!
[From:weblaspalmas2.cyberneticos.net|5.79.73.217]IPN POST Vars Received By Paypal_IPN Response API:
IPN Response from Paypal Server:


[02/23/2015 11:47 AM] - FAIL: Validation post isn't from PayPal!
[From:weblaspalmas2.cyberneticos.net|5.79.73.217]IPN POST Vars Received By Paypal_IPN Response API:
IPN Response from Paypal Server:


[02/23/2015 1:25 PM] - FAIL: Validation post isn't from PayPal!
[From:weblaspalmas2.cyberneticos.net|5.79.73.217]IPN POST Vars Received By Paypal_IPN Response API:
IPN Response from Paypal Server:


[02/23/2015 1:33 PM] - FAIL: Validation post isn't from PayPal!
[From:weblaspalmas2.cyberneticos.net|5.79.73.217]IPN POST Vars Received By Paypal_IPN Response API:
IPN Response from Paypal Server:


[02/23/2015 4:25 PM] - FAIL: Validation post isn't from PayPal!
[From:weblaspalmas2.cyberneticos.net|5.79.73.217]IPN POST Vars Received By Paypal_IPN Response API:
IPN Response from Paypal Server:


[02/23/2015 9:28 PM] - FAIL: Validation post isn't from PayPal!
[From:weblaspalmas2.cyberneticos.net|5.79.73.217]IPN POST Vars Received By Paypal_IPN Response API:
IPN Response from Paypal Server:


[02/24/2015 1:23 PM] - FAIL: Validation post isn't from PayPal!
[From:weblaspalmas2.cyberneticos.net|5.79.73.217]IPN POST Vars Received By Paypal_IPN Response API:
IPN Response from Paypal Server:


[02/24/2015 3:03 PM] - FAIL: Validation post isn't from PayPal!
[From:weblaspalmas2.cyberneticos.net|5.79.73.217]IPN POST Vars Received By Paypal_IPN Response API:
IPN Response from Paypal Server:


[02/24/2015 6:55 PM] - FAIL: Validation post isn't from PayPal!
[From:weblaspalmas2.cyberneticos.net|5.79.73.217]IPN POST Vars Received By Paypal_IPN Response API:
IPN Response from Paypal Server:


[02/25/2015 12:20 PM] - FAIL: Validation post isn't from PayPal!
[From:weblaspalmas2.cyberneticos.net|5.79.73.217]IPN POST Vars Received By Paypal_IPN Response API:
IPN Response from Paypal Server:


[02/25/2015 2:15 PM] - FAIL: Validation post isn't from PayPal!
[From:weblaspalmas2.cyberneticos.net|5.79.73.217]IPN POST Vars Received By Paypal_IPN Response API:
IPN Response from Paypal Server:


[02/26/2015 12:28 PM] - FAIL: Validation post isn't from PayPal!
[From:weblaspalmas2.cyberneticos.net|5.79.73.217]IPN POST Vars Received By Paypal_IPN Response API:
IPN Response from Paypal Server:


[02/26/2015 12:35 PM] - FAIL: Validation post isn't from PayPal!
[From:weblaspalmas2.cyberneticos.net|5.79.73.217]IPN POST Vars Received By Paypal_IPN Response API:
IPN Response from Paypal Server:


[02/26/2015 12:45 PM] - FAIL: Validation post isn't from PayPal!
[From:weblaspalmas2.cyberneticos.net|5.79.73.217]IPN POST Vars Received By Paypal_IPN Response API:
IPN Response from Paypal Server:


[02/26/2015 1:29 PM] - FAIL: Validation post isn't from PayPal!
[From:weblaspalmas2.cyberneticos.net|5.79.73.217]IPN POST Vars Received By Paypal_IPN Response API:
IPN Response from Paypal Server:


[02/26/2015 2:30 PM] - FAIL: Validation post isn't from PayPal!
[From:weblaspalmas2.cyberneticos.net|5.79.73.217]IPN POST Vars Received By Paypal_IPN Response API:
IPN Response from Paypal Server:


[02/26/2015 3:17 PM] - FAIL: Validation post isn't from PayPal!
[From:weblaspalmas2.cyberneticos.net|5.79.73.217]IPN POST Vars Received By Paypal_IPN Response API:
IPN Response from Paypal Server:


[02/26/2015 8:14 PM] - FAIL: Validation post isn't from PayPal!
[From:weblaspalmas2.cyberneticos.net|5.79.73.217]IPN POST Vars Received By Paypal_IPN Response API:
IPN Response from Paypal Server:


[02/27/2015 8:27 PM] - FAIL: Validation post isn't from PayPal!
[From:weblaspalmas2.cyberneticos.net|5.79.73.217]IPN POST Vars Received By Paypal_IPN Response API:
IPN Response from Paypal Server:


[02/28/2015 4:32 PM] - FAIL: Validation post isn't from PayPal!
[From:weblaspalmas2.cyberneticos.net|5.79.73.217]IPN POST Vars Received By Paypal_IPN Response API:
IPN Response from Paypal Server:


[03/01/2015 3:56 PM] - SUCCESS:IPN VERIFIED!
[From:notify.paypal.com|173.0.81.1]IPN POST Vars Received By Paypal_IPN Response API:
mc_gross=49.95 
protection_eligibility=Ineligible 
address_status=unconfirmed 
payer_id=XQQQREM4JAZUU 
tax=0.00 
address_street=Called San Guillermo 29 6∞B 2∞esc 
payment_date=07:57:12 Mar 01, 2015 PST 
payment_status=Pending 
charset=windows-1252 
address_zip=24006 
first_name=Eduardo 
address_country_code=ES 
address_name=Eduardo Garcia Rodriguez 
notify_version=3.8 
custom=415 
payer_status=unverified 
address_country=Spain 
address_city=Leon 
quantity=1 
verify_sign=A1RSGXKYsqyUsx1QScB7SzdRZgUCACPBa8Qv-Xr-RySAJVUgVnLQR3ie 
payer_email=raspunoe@gmail.com 
txn_id=8Y0787856R1003524 
payment_type=instant 
last_name=Garcia Rodriguez 
address_state=LeÛn 
receiver_email=info@oposicionesalbert.com 
pending_reason=unilateral 
txn_type=web_accept 
item_name=T - 1) Temario completo (B√ÅSICO) 
mc_currency=EUR 
item_number= 
residence_country=ES 
handling_amount=0.00 
transaction_subject=415 
payment_gross= 
shipping=0.00 
ipn_track_id=7c363af8cbab0 
IPN Response from Paypal Server:
HTTP/1.1 200 OK
Server: Apache
X-Frame-Options: SAMEORIGIN
Cache-Control: max-age=0, no-cache, no-store, must-revalidate
Pragma: no-cache
Cache-Control: max-age=0, no-cache, no-store, must-revalidate
Pragma: no-cache
Content-Type: text/html; charset=UTF-8
DC: slc-a-origin-www-2.paypal.com
Date: Sun, 01 Mar 2015 15:57:16 GMT
Content-Length: 8
Connection: close
Set-Cookie: cwrClyrK4LoCV1fydGbAxiNL6iG=-v0ilgICc6xpA_UkBpK-0cZvLp5PofC_SIOptbS5hHRDZAtIxdtdF3gu-Jl-XqWC_srb_Z0ugRm_ZRfJdCiymLEym48AFFAG3fyS_ZdcBKWnL5ECdHI1jGZaDEj1egCpEsuuMzXIRnYwWmLHcbxRzKGSROa-OrSsSPz1xNi2SuX0xBLsooNMIrTEB9b6B5rFfy6tr820n7Bd7J_6JeenY5BU3ymIt_3hMWcKgvAXHlqYT_8ZqJoF9LB5ZLvjAiocRs7IzNisYEHQ3HhDgoK_-Hho-cpc7La15s7_cwT0j_2eA_h04caLHMycpbqhnrVAOemBvM3JWi7zfJHdhjwq-D3r21Vr_G0TlfIN79s6Pg432H1Ix67BPkHPPXi1c9Uci6YwFMIaamFATLhX9gQ8WjSdRGo1BkDtQPD4eRq9_BuZfOEUhdqj9vbmavm; domain=.paypal.com; path=/; Secure; HttpOnly
Set-Cookie: cookie_check=yes; expires=Wed, 26-Feb-2025 15:57:16 GMT; domain=.paypal.com; path=/; Secure; HttpOnly
Set-Cookie: navcmd=_notify-validate; domain=.paypal.com; path=/; Secure; HttpOnly
Set-Cookie: navlns=0.0; expires=Tue, 28-Feb-2017 15:57:16 GMT; domain=.paypal.com; path=/; Secure; HttpOnly
Set-Cookie: Apache=10.73.8.134.1425225436265412; path=/; expires=Tue, 21-Feb-45 15:57:16 GMT
Set-Cookie: X-PP-SILOVER=name%3DLIVE5.WEB.1%26silo_version%3D880%26app%3Dappdispatcher%26TIME%3D3694588756; domain=.paypal.com; path=/; Secure; HttpOnly
Set-Cookie: X-PP-SILOVER=; Expires=Thu, 01 Jan 1970 00:00:01 GMT
Set-Cookie: Apache=10.73.8.68.1425225436255366; path=/; expires=Tue, 21-Feb-45 15:57:16 GMT
Set-Cookie: AKDC=slc-a-origin-www-2.paypal.com; expires=Sun, 01-Mar-2015 16:27:16 GMT; path=/; secure
Strict-Transport-Security: max-age=63072000

VERIFIED

[03/03/2015 7:39 AM] - SUCCESS:IPN VERIFIED!
[From:notify.paypal.com|173.0.81.1]IPN POST Vars Received By Paypal_IPN Response API:
mc_gross=19.95 
protection_eligibility=Ineligible 
address_status=unconfirmed 
payer_id=ZDGMM9UP5FAB2 
tax=0.00 
address_street=c/Vall de la Musa, 26 
payment_date=21:27:08 Feb 10, 2015 PST 
payment_status=Completed 
charset=windows-1252 
address_zip=08757 
first_name=DIANA 
mc_fee=1.03 
address_country_code=ES 
address_name=DIANA CEBALLOS FERNANDEZ 
notify_version=3.8 
custom=284 
payer_status=unverified 
business=info@oposicionesalbert.com 
address_country=Spain 
address_city=Corbera de Llobregat 
quantity=1 
verify_sign=AFcWxV21C7fd0v3bYYYRCpSSRl31A15WQL5NaoAoKjEY3GZ5Z6TQOI7e 
payer_email=tragaleyes@hotmail.com 
txn_id=87U63241EB164492T 
payment_type=instant 
last_name=CEBALLOS FERNANDEZ 
address_state=Barcelona 
receiver_email=info@tutest.es 
payment_fee= 
receiver_id=GK7DTZA8BM4S4 
txn_type=web_accept 
item_name=T - 7) Temas 11 a 15 
mc_currency=EUR 
item_number= 
residence_country=ES 
handling_amount=0.00 
transaction_subject=284 
payment_gross= 
shipping=0.00 
ipn_track_id=a20e6986e144f 
IPN Response from Paypal Server:
HTTP/1.1 200 OK
Server: Apache
X-Frame-Options: SAMEORIGIN
Cache-Control: max-age=0, no-cache, no-store, must-revalidate
Pragma: no-cache
Cache-Control: max-age=0, no-cache, no-store, must-revalidate
Pragma: no-cache
Content-Type: text/html; charset=UTF-8
DC: slc-a-origin-www-1.paypal.com
Date: Tue, 03 Mar 2015 07:40:37 GMT
Content-Length: 8
Connection: close
Set-Cookie: cwrClyrK4LoCV1fydGbAxiNL6iG=SUzLBGml_WEzHtVpi0mbGRPbUODU794MmvtfImyJPTOqyYWWHt9kLKXUkoSayhzIwPGXE7h2M3FJdalZcj5WP06k2TtxjSMP7rgXXpB9nLw9A76HNExpFLlIGwkT86ATYS4dqDhtJGCOc49YAnALMawv8APb5Xl7ZGr40H_bYxXAlPeKpb_KmQ7C3hhNm1_g26CngVKOBdPqHnlvDjxThVDAZ8tCitDLQdURSAsNl7luT49HbbS9nE6d7JXsQV0A3wvFNnj9hPg0NN_FEyWcEU4u__FtIGT66heFSA2XFV_AFZXKZ4k-7O4AhpuvZGx4n9ZumSa2-HCczWPDzN9gPybM58dwadKKqLJvkjEhopjLG3o__arz7CpjBMo918fy3o-fkpPhhAZKvpw_PoapiVWFNFJIm8aUOkdZZN_Yj6FAVrx-ymHZavSI5ce; domain=.paypal.com; path=/; Secure; HttpOnly
Set-Cookie: cookie_check=yes; expires=Fri, 28-Feb-2025 07:40:37 GMT; domain=.paypal.com; path=/; Secure; HttpOnly
Set-Cookie: navcmd=_notify-validate; domain=.paypal.com; path=/; Secure; HttpOnly
Set-Cookie: navlns=0.0; expires=Thu, 02-Mar-2017 07:40:37 GMT; domain=.paypal.com; path=/; Secure; HttpOnly
Set-Cookie: Apache=10.73.8.137.1425368436879016; path=/; expires=Thu, 23-Feb-45 07:40:36 GMT
Set-Cookie: X-PP-SILOVER=name%3DLIVE5.WEB.1%26silo_version%3D880%26app%3Dappdispatcher%26TIME%3D1952838996; domain=.paypal.com; path=/; Secure; HttpOnly
Set-Cookie: X-PP-SILOVER=; Expires=Thu, 01 Jan 1970 00:00:01 GMT
Set-Cookie: Apache=10.73.8.38.1425368436867920; path=/; expires=Thu, 23-Feb-45 07:40:36 GMT
Set-Cookie: AKDC=slc-a-origin-www-1.paypal.com; expires=Tue, 03-Mar-2015 08:10:37 GMT; path=/; secure
Strict-Transport-Security: max-age=63072000

VERIFIED

[03/03/2015 7:39 AM] - SUCCESS:IPN VERIFIED!
[From:notify.paypal.com|173.0.81.1]IPN POST Vars Received By Paypal_IPN Response API:
mc_gross=19.95 
protection_eligibility=Ineligible 
address_status=unconfirmed 
payer_id=ZDGMM9UP5FAB2 
tax=0.00 
address_street=c/Vall de la Musa, 26 
payment_date=21:28:18 Feb 10, 2015 PST 
payment_status=Completed 
charset=windows-1252 
address_zip=08757 
first_name=DIANA 
mc_fee=1.03 
address_country_code=ES 
address_name=DIANA CEBALLOS FERNANDEZ 
notify_version=3.8 
custom=285 
payer_status=unverified 
business=info@oposicionesalbert.com 
address_country=Spain 
address_city=Corbera de Llobregat 
quantity=1 
verify_sign=An5ns1Kso7MWUdW4ErQKJJJ4qi4-Atz0gQSL57PPsHl15pXZ4Tidr3lp 
payer_email=tragaleyes@hotmail.com 
txn_id=3E651986C6218974J 
payment_type=instant 
last_name=CEBALLOS FERNANDEZ 
address_state=Barcelona 
receiver_email=info@tutest.es 
payment_fee= 
receiver_id=GK7DTZA8BM4S4 
txn_type=web_accept 
item_name=T - 6) Temas 6 a 10 
mc_currency=EUR 
item_number= 
residence_country=ES 
handling_amount=0.00 
transaction_subject=285 
payment_gross= 
shipping=0.00 
ipn_track_id=a20e6986e144f 
IPN Response from Paypal Server:
HTTP/1.1 200 OK
Server: Apache
X-Frame-Options: SAMEORIGIN
Cache-Control: max-age=0, no-cache, no-store, must-revalidate
Pragma: no-cache
Cache-Control: max-age=0, no-cache, no-store, must-revalidate
Pragma: no-cache
Content-Type: text/html; charset=UTF-8
DC: slc-a-origin-www-2.paypal.com
Date: Tue, 03 Mar 2015 07:40:37 GMT
Content-Length: 8
Connection: close
Set-Cookie: cwrClyrK4LoCV1fydGbAxiNL6iG=dpvYYMOstni-M1YdnLhjP0KBPLPYb9fJTj2qbpcQdRChC3qSvGh_Nb3vPv6KgoG-SXSSAzNl8nsO8IPQbgtwRXGeEiI2Z5p1KR_20_C80RwxHzkVE9HbPSXmZW_kqD2autGWHAyBEKu1M3b5FKUffarschgwH_UdxEqOK2lPuXHxw5dcaOo7AmWXm6hmGrMGOI1OrqXB9V0D6C3KbZyD0CDPuCIV1SWJkcbEa-KqIFV42vZ4TYBjCgTESoNnHKorMwNBvPX5_KD8k5Y_1408zQrVz76qH9DUcpsrBv94b-smFLV4d4crnlizucXKNoC4XA8XG-XKukFbZBjjxJXLlD4cz5eOvzFdSrcj9Kt_ndZ73ZycyIzb7CjPl7Fq9dNsNUPlWJzvoUmkwxZGXKZI-SphFcUearpdM0gISWCVB0v-4pMElvKpZempVnO; domain=.paypal.com; path=/; Secure; HttpOnly
Set-Cookie: cookie_check=yes; expires=Fri, 28-Feb-2025 07:40:37 GMT; domain=.paypal.com; path=/; Secure; HttpOnly
Set-Cookie: navcmd=_notify-validate; domain=.paypal.com; path=/; Secure; HttpOnly
Set-Cookie: navlns=0.0; expires=Thu, 02-Mar-2017 07:40:37 GMT; domain=.paypal.com; path=/; Secure; HttpOnly
Set-Cookie: Apache=10.73.8.134.1425368437321077; path=/; expires=Thu, 23-Feb-45 07:40:37 GMT
Set-Cookie: X-PP-SILOVER=name%3DLIVE5.WEB.1%26silo_version%3D880%26app%3Dappdispatcher%26TIME%3D1969616212; domain=.paypal.com; path=/; Secure; HttpOnly
Set-Cookie: X-PP-SILOVER=; Expires=Thu, 01 Jan 1970 00:00:01 GMT
Set-Cookie: Apache=10.73.8.71.1425368437309644; path=/; expires=Thu, 23-Feb-45 07:40:37 GMT
Set-Cookie: AKDC=slc-a-origin-www-2.paypal.com; expires=Tue, 03-Mar-2015 08:10:37 GMT; path=/; secure
Strict-Transport-Security: max-age=63072000

VERIFIED

[03/03/2015 7:39 AM] - SUCCESS:IPN VERIFIED!
[From:notify.paypal.com|173.0.81.1]IPN POST Vars Received By Paypal_IPN Response API:
mc_gross=39.95 
protection_eligibility=Ineligible 
address_status=unconfirmed 
payer_id=K49Q3M6MQUND8 
tax=0.00 
address_street=DOCTOR FERRAN 
payment_date=10:03:51 Feb 12, 2015 PST 
payment_status=Completed 
charset=windows-1252 
address_zip=17480 
first_name=MARGARITA 
mc_fee=1.71 
address_country_code=ES 
address_name=MARGARITA GARCIA REYERO 
notify_version=3.8 
custom=308 
payer_status=unverified 
business=info@oposicionesalbert.com 
address_country=Spain 
address_city=ROSES 
quantity=1 
verify_sign=AiPC9BjkCyDFQXbSkoZcgqH3hpacAoYsUY1orw73qhhhGGGbKCiL6hP5 
payer_email=veda108@gmail.com 
txn_id=9SC24363UL002630U 
payment_type=instant 
last_name=GARCIA REYERO 
address_state=Gerona 
receiver_email=info@tutest.es 
payment_fee= 
receiver_id=GK7DTZA8BM4S4 
txn_type=web_accept 
item_name=T - 8) Temas 16 a 20 
mc_currency=EUR 
item_number= 
residence_country=ES 
handling_amount=0.00 
transaction_subject=308 
payment_gross= 
shipping=0.00 
ipn_track_id=a20e6986e144f 
IPN Response from Paypal Server:
HTTP/1.1 200 OK
Server: Apache
X-Frame-Options: SAMEORIGIN
Cache-Control: max-age=0, no-cache, no-store, must-revalidate
Pragma: no-cache
Cache-Control: max-age=0, no-cache, no-store, must-revalidate
Pragma: no-cache
Content-Type: text/html; charset=UTF-8
DC: slc-a-origin-www-1.paypal.com
Date: Tue, 03 Mar 2015 07:40:38 GMT
Content-Length: 8
Connection: close
Set-Cookie: cwrClyrK4LoCV1fydGbAxiNL6iG=pC0BJBxJDSygwblomD9AKVg42fJ_V54QJM7RVxYjfLAIq1kQVL2U0164UsCPEc8gkefZji3UXx-YZXNeYQ2CChoLXuOf9_WsgIVczOhxTP4UNXqi6pK0m5hJsoyMnDeZQCbXH1Ps7YkTZwBp0j-VZRzlyUI1SLGwI5B5IKggDYNX9YmVGS8YDu5BXSZIos2P_pyY5dQ46cePtrAeOdyIPRzvOWvPXxYjjICcjVcfTJ6_2heCoQf9R4qNWelpcaSERFL3ZdJ-ifIE_CruolfglUUrP9DKU39OfenMKFBvWA2Bj3Kc5ldvIdg5ujLal1ZimfpEkfP8vySXmldQ1K5XhOia81r4CihKjJrtjWUn2FT6xxL_eAojc_XNWQwZ7_HCmCjuLMLXGi3j960v3iQ5xYE23Kg8Bfmbntq0mO8IGa15FUqEgZuNCdJVCBK; domain=.paypal.com; path=/; Secure; HttpOnly
Set-Cookie: cookie_check=yes; expires=Fri, 28-Feb-2025 07:40:38 GMT; domain=.paypal.com; path=/; Secure; HttpOnly
Set-Cookie: navcmd=_notify-validate; domain=.paypal.com; path=/; Secure; HttpOnly
Set-Cookie: navlns=0.0; expires=Thu, 02-Mar-2017 07:40:38 GMT; domain=.paypal.com; path=/; Secure; HttpOnly
Set-Cookie: Apache=10.73.8.137.1425368437739879; path=/; expires=Thu, 23-Feb-45 07:40:37 GMT
Set-Cookie: X-PP-SILOVER=name%3DLIVE5.WEB.1%26silo_version%3D880%26app%3Dappdispatcher%26TIME%3D1969616212; domain=.paypal.com; path=/; Secure; HttpOnly
Set-Cookie: X-PP-SILOVER=; Expires=Thu, 01 Jan 1970 00:00:01 GMT
Set-Cookie: Apache=10.73.8.43.1425368437729781; path=/; expires=Thu, 23-Feb-45 07:40:37 GMT
Set-Cookie: AKDC=slc-a-origin-www-1.paypal.com; expires=Tue, 03-Mar-2015 08:10:38 GMT; path=/; secure
Strict-Transport-Security: max-age=63072000

VERIFIED

[03/03/2015 7:39 AM] - SUCCESS:IPN VERIFIED!
[From:notify.paypal.com|173.0.81.1]IPN POST Vars Received By Paypal_IPN Response API:
mc_gross=49.95 
protection_eligibility=Ineligible 
address_status=unconfirmed 
payer_id=XQQQREM4JAZUU 
tax=0.00 
address_street=Called San Guillermo 29 6∞B 2∞esc 
payment_date=07:57:12 Mar 01, 2015 PST 
payment_status=Completed 
charset=windows-1252 
address_zip=24006 
first_name=Eduardo 
mc_fee=2.05 
address_country_code=ES 
address_name=Eduardo Garcia Rodriguez 
notify_version=3.8 
custom=415 
payer_status=unverified 
business=info@oposicionesalbert.com 
address_country=Spain 
address_city=Leon 
quantity=1 
verify_sign=ACUe-E7Hjxmeel8FjYAtjnx-yjHAA1R0oLHGdC7wGkmqPC2Dw-TR3QNd 
payer_email=raspunoe@gmail.com 
txn_id=8Y0787856R1003524 
payment_type=instant 
last_name=Garcia Rodriguez 
address_state=LeÛn 
receiver_email=info@tutest.es 
payment_fee= 
receiver_id=GK7DTZA8BM4S4 
txn_type=web_accept 
item_name=T - 1) Temario completo (B√É¬ÅSICO) 
mc_currency=EUR 
item_number= 
residence_country=ES 
handling_amount=0.00 
transaction_subject=415 
payment_gross= 
shipping=0.00 
ipn_track_id=a20e6986e144f 
IPN Response from Paypal Server:
HTTP/1.1 200 OK
Server: Apache
X-Frame-Options: SAMEORIGIN
Cache-Control: max-age=0, no-cache, no-store, must-revalidate
Pragma: no-cache
Cache-Control: max-age=0, no-cache, no-store, must-revalidate
Pragma: no-cache
Content-Type: text/html; charset=UTF-8
DC: slc-a-origin-www-1.paypal.com
Date: Tue, 03 Mar 2015 07:40:39 GMT
Content-Length: 8
Connection: close
Set-Cookie: cwrClyrK4LoCV1fydGbAxiNL6iG=cU2AEQYSms-f4YHmISEC6gRmM0ylUADCB7E0ZlrTi4FlzK3rKfQEi19n1LNYzkHJKqu5xEBLKFIXp3g1n9ZXcG5viK4LHjkDFuzfZXd54JPY_RGhrMYWxz7GYNaYaorkRBvFQT474H_WbP3TpP_ruYYX_IXnThbC9FzTTyenhvlzgCQnkSJ9mBl0KXO5YFNd1sMvq5jUIhZwHqcYSvhggIe9iWasng2LWpDlF6GGJXsQdYbpAP2_GaAcw3R4s5w1DWT6b6ChfqoLx4zUwxn5_skNrZ53qhzIPpzmX_WW5aFhWRDmPSSMJzN4obaUxQbwBsnUHRRB89Z-BKkSW_1sgfe71QArbM70oLMCcdu9xJdckf9L37flCZzCNaUNXfHK-Xq_-AWVeNaXQmGwN_ScXeTiAfw6U0ozv9ItKBSOXiq7jAbw4k70Ji4h_Mq; domain=.paypal.com; path=/; Secure; HttpOnly
Set-Cookie: cookie_check=yes; expires=Fri, 28-Feb-2025 07:40:39 GMT; domain=.paypal.com; path=/; Secure; HttpOnly
Set-Cookie: navcmd=_notify-validate; domain=.paypal.com; path=/; Secure; HttpOnly
Set-Cookie: navlns=0.0; expires=Thu, 02-Mar-2017 07:40:39 GMT; domain=.paypal.com; path=/; Secure; HttpOnly
Set-Cookie: Apache=10.73.8.134.1425368439255852; path=/; expires=Thu, 23-Feb-45 07:40:39 GMT
Set-Cookie: X-PP-SILOVER=name%3DLIVE5.WEB.1%26silo_version%3D880%26app%3Dappdispatcher%26TIME%3D2003170644; domain=.paypal.com; path=/; Secure; HttpOnly
Set-Cookie: X-PP-SILOVER=; Expires=Thu, 01 Jan 1970 00:00:01 GMT
Set-Cookie: Apache=10.73.8.36.1425368439244319; path=/; expires=Thu, 23-Feb-45 07:40:39 GMT
Set-Cookie: AKDC=slc-a-origin-www-1.paypal.com; expires=Tue, 03-Mar-2015 08:10:39 GMT; path=/; secure
Strict-Transport-Security: max-age=63072000

VERIFIED

[03/06/2015 11:55 AM] - FAIL: Validation post isn't from PayPal!
[From:weblaspalmas2.cyberneticos.net|5.79.73.217]IPN POST Vars Received By Paypal_IPN Response API:
IPN Response from Paypal Server:


[03/06/2015 2:00 PM] - FAIL: Validation post isn't from PayPal!
[From:weblaspalmas2.cyberneticos.net|5.79.73.217]IPN POST Vars Received By Paypal_IPN Response API:
IPN Response from Paypal Server:


[03/06/2015 2:55 PM] - SUCCESS:IPN VERIFIED!
[From:notify.paypal.com|173.0.81.1]IPN POST Vars Received By Paypal_IPN Response API:
mc_gross=49.95 
protection_eligibility=Eligible 
address_status=unconfirmed 
payer_id=ZWFRA9JTSWKEE 
tax=0.00 
address_street=C/ Beethoven n∫1 , 3∫A 
payment_date=06:55:41 Mar 06, 2015 PST 
payment_status=Completed 
charset=windows-1252 
address_zip=29004 
first_name=Rafael 
mc_fee=2.05 
address_country_code=ES 
address_name=Rafael Hilario Rodriguez 
notify_version=3.8 
custom=420 
payer_status=verified 
business=info@tutest.es 
address_country=Spain 
address_city=M·laga 
quantity=1 
verify_sign=AyfM3U8OQzyZWn4lzdHe2aPw23fbAElydU9yb-NsGNqQ6V5.zwIOl2fS 
payer_email=hilarione@hotmail.com 
txn_id=3MH07824JK975022J 
payment_type=instant 
last_name=Hilario Rodriguez 
address_state=Malaga 
receiver_email=info@tutest.es 
payment_fee= 
receiver_id=GK7DTZA8BM4S4 
txn_type=web_accept 
item_name=T - 1) Temario completo (B√ÅSICO) 
mc_currency=EUR 
item_number= 
residence_country=ES 
handling_amount=0.00 
transaction_subject=420 
payment_gross= 
shipping=0.00 
ipn_track_id=47c86a699801 
IPN Response from Paypal Server:
HTTP/1.1 200 OK
Server: Apache
X-Frame-Options: SAMEORIGIN
Cache-Control: max-age=0, no-cache, no-store, must-revalidate
Pragma: no-cache
Cache-Control: max-age=0, no-cache, no-store, must-revalidate
Pragma: no-cache
Content-Type: text/html; charset=UTF-8
DC: slc-a-origin-www-1.paypal.com
Date: Fri, 06 Mar 2015 14:55:55 GMT
Content-Length: 8
Connection: close
Set-Cookie: cwrClyrK4LoCV1fydGbAxiNL6iG=1uYKMvB_KokvXLkrMvsmc_sTSk5rAn5dh1cndG35VGPkp3_sCwXq80-SEBikr4wfGaff-Y0ficGxU2brlgOwL9NDMoLA3AHQFb9UfkHo00LzvyVYXhOKjZGwRU8a91zVptUcqGxyiXdOSBQ_ifRBQrkrQM81lVbcooRvJlS8DXWA9KMkN0q5UKNhZK_waAJiZOUhF1ivWdc0IXnEmslfXPDFHhDyhtPhv6NymY8EOPml5waQp9i1Hg_ic3ip3gfBHu-pjPgfgaKgUQ3BsYuMOKptfo8K_Ax73hjnk0BXpQuIhDStSzF-SXuVaOS9fYDgc-tK-c9Ni4OUZ7E8lw9Pwx13AyCpitS5PuxCMDQmyeccdQG-xAHt7zEOuMJUGVuBZlvf7LH-I2HHzP-g05CpNBQ_PV2hh2HBhqwDqRXcgaS-ZSIZ2c5E8pakM8O; domain=.paypal.com; path=/; Secure; HttpOnly
Set-Cookie: cookie_check=yes; expires=Mon, 03-Mar-2025 14:55:55 GMT; domain=.paypal.com; path=/; Secure; HttpOnly
Set-Cookie: navcmd=_notify-validate; domain=.paypal.com; path=/; Secure; HttpOnly
Set-Cookie: navlns=0.0; expires=Sun, 05-Mar-2017 14:55:55 GMT; domain=.paypal.com; path=/; Secure; HttpOnly
Set-Cookie: Apache=10.73.8.134.1425653755644306; path=/; expires=Sun, 26-Feb-45 14:55:55 GMT
Set-Cookie: X-PP-SILOVER=name%3DLIVE5.WEB.1%26silo_version%3D880%26app%3Dappdispatcher%26TIME%3D4223662420; domain=.paypal.com; path=/; Secure; HttpOnly
Set-Cookie: X-PP-SILOVER=; Expires=Thu, 01 Jan 1970 00:00:01 GMT
Set-Cookie: Apache=10.73.8.50.1425653755631588; path=/; expires=Sun, 26-Feb-45 14:55:55 GMT
Set-Cookie: AKDC=slc-a-origin-www-1.paypal.com; expires=Fri, 06-Mar-2015 15:25:55 GMT; path=/; secure
Strict-Transport-Security: max-age=63072000

VERIFIED

[03/06/2015 3:16 PM] - FAIL: Validation post isn't from PayPal!
[From:weblaspalmas2.cyberneticos.net|5.79.73.217]IPN POST Vars Received By Paypal_IPN Response API:
IPN Response from Paypal Server:


[03/07/2015 5:51 AM] - SUCCESS:IPN VERIFIED!
[From:notify.paypal.com|173.0.81.1]IPN POST Vars Received By Paypal_IPN Response API:
mc_gross=39.95 
protection_eligibility=Eligible 
address_status=unconfirmed 
payer_id=ZDGMM9UP5FAB2 
tax=0.00 
address_street=c/Vall de la Musa, 26 
payment_date=21:52:27 Mar 06, 2015 PST 
payment_status=Completed 
charset=windows-1252 
address_zip=08757 
first_name=DIANA 
mc_fee=1.71 
address_country_code=ES 
address_name=DIANA CEBALLOS FERNANDEZ 
notify_version=3.8 
custom=426 
payer_status=unverified 
business=info@tutest.es 
address_country=Spain 
address_city=Corbera de Llobregat 
quantity=1 
verify_sign=AxJA9Zzx04dhGVMYTj4UOTsPdIIhAf13X-CgbJFXxeDPDaZKyEpxxWDx 
payer_email=tragaleyes@hotmail.com 
txn_id=989517214F1345257 
payment_type=instant 
last_name=CEBALLOS FERNANDEZ 
address_state=Barcelona 
receiver_email=info@tutest.es 
payment_fee= 
receiver_id=GK7DTZA8BM4S4 
txn_type=web_accept 
item_name=T - 8) Temas 16 a 20 
mc_currency=EUR 
item_number= 
residence_country=ES 
handling_amount=0.00 
transaction_subject=426 
payment_gross= 
shipping=0.00 
ipn_track_id=e9b48ac7d3b26 
IPN Response from Paypal Server:
HTTP/1.1 200 OK
Server: Apache
X-Frame-Options: SAMEORIGIN
Cache-Control: max-age=0, no-cache, no-store, must-revalidate
Pragma: no-cache
Cache-Control: max-age=0, no-cache, no-store, must-revalidate
Pragma: no-cache
Content-Type: text/html; charset=UTF-8
DC: slc-a-origin-www-2.paypal.com
Date: Sat, 07 Mar 2015 05:52:41 GMT
Content-Length: 8
Connection: close
Set-Cookie: cwrClyrK4LoCV1fydGbAxiNL6iG=yWuGtml4LtW1NOE5qBGjBJpJxgQ6L3B5LAUnuNqFwhGbPp3jdQyTSQjYMv3qGfNo1zRoU7qYpB_riwrf4etrxxq3nEHP4x9Lp299GnpxYPA1-Owh8NBJ90Avl7YXdxd5RVO5L6Y0LO1uQY5tEh50HcjxcSnD94xrFlZp0gy4V5b0p1M6V11mOpUmBTocKkR3Gs25ezfTJp6one3sWHiz5hlhZbVElcrRrWyZbbwBZ71G_10BL748f_VELSQ6fMSNWvNmuv8lVzYabVJTjJjhvx2N6UvdZW98y0jyVyJQkmdFtwvvwcnuQgiWgY05I8_dm2f5PRZxA9rSNwLYnxa4SpzjdwFSmwZI8kqGv3_BDlU8OVyLJYxEJoYQYfaT8L65g-Q_4GsF16Ha7tPGHKAXhF5sZGYq4Zc0XxIILYLUqDLYN8P4Q0W5mqT9p1e; domain=.paypal.com; path=/; Secure; HttpOnly
Set-Cookie: cookie_check=yes; expires=Tue, 04-Mar-2025 05:52:41 GMT; domain=.paypal.com; path=/; Secure; HttpOnly
Set-Cookie: navcmd=_notify-validate; domain=.paypal.com; path=/; Secure; HttpOnly
Set-Cookie: navlns=0.0; expires=Mon, 06-Mar-2017 05:52:41 GMT; domain=.paypal.com; path=/; Secure; HttpOnly
Set-Cookie: Apache=10.73.8.134.1425707561402928; path=/; expires=Mon, 27-Feb-45 05:52:41 GMT
Set-Cookie: X-PP-SILOVER=name%3DLIVE5.WEB.1%26silo_version%3D880%26app%3Dappdispatcher%26TIME%3D697498196; domain=.paypal.com; path=/; Secure; HttpOnly
Set-Cookie: X-PP-SILOVER=; Expires=Thu, 01 Jan 1970 00:00:01 GMT
Set-Cookie: Apache=10.73.8.66.1425707561389892; path=/; expires=Mon, 27-Feb-45 05:52:41 GMT
Set-Cookie: AKDC=slc-a-origin-www-2.paypal.com; expires=Sat, 07-Mar-2015 06:22:41 GMT; path=/; secure
Strict-Transport-Security: max-age=63072000

VERIFIED

[03/07/2015 10:16 AM] - FAIL: Validation post isn't from PayPal!
[From:weblaspalmas2.cyberneticos.net|5.79.73.217]IPN POST Vars Received By Paypal_IPN Response API:
IPN Response from Paypal Server:


[03/07/2015 12:28 PM] - FAIL: Validation post isn't from PayPal!
[From:weblaspalmas2.cyberneticos.net|5.79.73.217]IPN POST Vars Received By Paypal_IPN Response API:
IPN Response from Paypal Server:


[03/07/2015 5:10 PM] - SUCCESS:IPN VERIFIED!
[From:notify.paypal.com|173.0.81.1]IPN POST Vars Received By Paypal_IPN Response API:
mc_gross=49.95 
protection_eligibility=Eligible 
address_status=unconfirmed 
payer_id=EUU4MXHB32UVG 
tax=0.00 
address_street=CALLE TAJAME 28-A PLAYA BLANCA 
payment_date=09:11:16 Mar 07, 2015 PST 
payment_status=Completed 
charset=windows-1252 
address_zip=35600 
first_name=MERCEDES 
mc_fee=2.05 
address_country_code=ES 
address_name=MERCEDES SANCHEZ MU—OZ 
notify_version=3.8 
custom=433 
payer_status=verified 
business=info@tutest.es 
address_country=Spain 
address_city=PUERTO DEL ROSARIO, FUERTEVENTURA 
quantity=1 
verify_sign=AdMH2JPWA8SsPdXeANVf7NZUThcZAC4OnQjt8bWilfALtlN5g09ZMqag 
payer_email=canariasland@hotmail.com 
memo=es para el temario de promociÛn libre tramitaciÛn 
txn_id=84728393H42297832 
payment_type=instant 
last_name=SANCHEZ MU—OZ 
address_state=Las Palmas 
receiver_email=info@tutest.es 
payment_fee= 
receiver_id=GK7DTZA8BM4S4 
txn_type=web_accept 
item_name=T - 1) Temario completo (B√ÅSICO) 
mc_currency=EUR 
item_number= 
residence_country=ES 
handling_amount=0.00 
transaction_subject=433 
payment_gross= 
shipping=0.00 
ipn_track_id=15f10819e0d13 
IPN Response from Paypal Server:
HTTP/1.1 200 OK
Server: Apache
X-Frame-Options: SAMEORIGIN
Cache-Control: max-age=0, no-cache, no-store, must-revalidate
Pragma: no-cache
Content-Type: text/html; charset=UTF-8
DC: slc-origin-www.paypal.com
Date: Sat, 07 Mar 2015 17:11:37 GMT
Content-Length: 8
Connection: close
Set-Cookie: cwrClyrK4LoCV1fydGbAxiNL6iG=yLFmJO05IBJil7IPCBfnMJKk_-sEku9SgGT5tSv5G8IfaTF_iYUW4f3X1MSONd4wsJv3ZpmXk_irfb4l-6OcNZsjtEZTL1tbTWRMo8ekHkMMfcZ6JnoK15BWItmFBxw5BCFhupSEoXB2HlH2OHA0QmZ6sXeCwSgKsRZsV0C_nf-QKKbsxidjbln4R5Y4m9BClrInPsF4wSj0DJXnD9doC6XD6jJHLSGAxeLVtMj9D-e0p1oLeDsuf9xusO9s9-q3cjvZC6nNwmfdwMT1YlwQ3lCyxakcDlKwQGQFGhWm6XDPnkQm_IBKPKpalEooXziTmjTYhCON6eiPJhn72FMBSIqQkgVJwhrzRDES0mVUd7skm5zaYcx9rYFx1E--EDluphxGkCGDbup_xZzaOnEx9KyYQ3DZt6-zGtDrsJQvuK5XyrQPg7jlnm2ZY78; domain=.paypal.com; path=/; Secure; HttpOnly
Set-Cookie: cookie_check=yes; expires=Tue, 04-Mar-2025 17:11:37 GMT; domain=.paypal.com; path=/; Secure; HttpOnly
Set-Cookie: navcmd=_notify-validate; domain=.paypal.com; path=/; Secure; HttpOnly
Set-Cookie: navlns=0.0; expires=Mon, 06-Mar-2017 17:11:37 GMT; domain=.paypal.com; path=/; Secure; HttpOnly
Set-Cookie: Apache=10.16.0.147.1425748297086601; path=/; expires=Mon, 27-Feb-45 17:11:37 GMT
Set-Cookie: X-PP-SILOVER=name%3DLIVE9.WEB.1%26silo_version%3D880%26app%3Dappdispatcher%26TIME%3D1228012372; domain=.paypal.com; path=/; Secure; HttpOnly
Set-Cookie: X-PP-SILOVER=; Expires=Thu, 01 Jan 1970 00:00:01 GMT
Set-Cookie: Apache=10.16.0.11.1425748297078269; path=/; expires=Mon, 27-Feb-45 17:11:37 GMT
Set-Cookie: AKDC=slc-origin-www.paypal.com; expires=Sat, 07-Mar-2015 17:41:37 GMT; path=/; secure
Strict-Transport-Security: max-age=63072000

VERIFIED

[03/09/2015 10:06 PM] - SUCCESS:IPN VERIFIED!
[From:notify.paypal.com|173.0.81.1]IPN POST Vars Received By Paypal_IPN Response API:
mc_gross=53.45 
protection_eligibility=Eligible 
address_status=unconfirmed 
payer_id=GTLJR9TRDGX4J 
tax=3.50 
address_street=urb.Copherfam 27 6A 
payment_date=15:07:14 Mar 09, 2015 PDT 
payment_status=Completed 
charset=windows-1252 
address_zip=35014 
first_name=Yuri 
mc_fee=2.17 
address_country_code=ES 
address_name=Yuri Bethencourt Betancor 
notify_version=3.8 
custom=438 
payer_status=unverified 
business=info@tutest.es 
address_country=Spain 
address_city=Las Palmasde Gran Canaria 
quantity=1 
verify_sign=A1Mg0gHt2yn4kBGD5Th-922pUoz9Aydgz6a1zhhD.GIylShhn4xvI0ks 
payer_email=ybb@ormazabal.com 
txn_id=1EJ93674P10495615 
payment_type=instant 
last_name=Bethencourt Betancor 
address_state=Las Palmas 
receiver_email=info@tutest.es 
payment_fee= 
receiver_id=GK7DTZA8BM4S4 
txn_type=web_accept 
item_name=T - 2) Temario completo (AVANZADO) 
mc_currency=EUR 
item_number= 
residence_country=ES 
handling_amount=0.00 
transaction_subject=438 
payment_gross= 
shipping=0.00 
ipn_track_id=4c313b6b7d736 
IPN Response from Paypal Server:
HTTP/1.1 200 OK
Server: Apache
X-Frame-Options: SAMEORIGIN
Cache-Control: max-age=0, no-cache, no-store, must-revalidate
Pragma: no-cache
Content-Type: text/html; charset=UTF-8
DC: slc-origin-www.paypal.com
Date: Mon, 09 Mar 2015 22:07:29 GMT
Content-Length: 8
Connection: close
Set-Cookie: cwrClyrK4LoCV1fydGbAxiNL6iG=UTN0dmjJhqohGv0iTKdtunVfex2BdElIPj8bpo29MiY2dpR1UFdDE7ih_r4fvDmdFz9cqHL0FUCQ_dMoTeQfr7ParvdQuN1hLaNYErHkvs-BMSlw9RKjl-NMAtFVIQPk11uIYuOZteSJljHlBbBudmoJFlCnRmC5yEoqw9eomZt3yU05kRg5DbkSQJugT8jLklkLdWbLKvyZJrBAsXYV_U3UkeOIGWc-fJthIexaM_-QLlVcliKnXLAzJn3mlQ_7DMTvlRjOWFuXbPC8ewqcBCafr5uFtDATIiJVZkKdx863QDaiSOvUfQmLnNBz6Zqt6ljtCXiz7VwsTJKLYwGpSwTpod6hCCNUxt-z-EqBUttFmzVOBpG2nIZNuctQgrdGmmwKhO7PMyIXNIMvKvdMXPkDwB94ydcSS1cgoQIE1x-z2fJqbnn2F-u8L8C; domain=.paypal.com; path=/; Secure; HttpOnly
Set-Cookie: cookie_check=yes; expires=Thu, 06-Mar-2025 22:07:29 GMT; domain=.paypal.com; path=/; Secure; HttpOnly
Set-Cookie: navcmd=_notify-validate; domain=.paypal.com; path=/; Secure; HttpOnly
Set-Cookie: navlns=0.0; expires=Wed, 08-Mar-2017 22:07:29 GMT; domain=.paypal.com; path=/; Secure; HttpOnly
Set-Cookie: Apache=10.16.0.14.1425938848767752; path=/; expires=Wed, 01-Mar-45 22:07:28 GMT
Set-Cookie: X-PP-SILOVER=name%3DLIVE9.WEB.1%26silo_version%3D880%26app%3Dappdispatcher%26TIME%3D2686058068; domain=.paypal.com; path=/; Secure; HttpOnly
Set-Cookie: X-PP-SILOVER=; Expires=Thu, 01 Jan 1970 00:00:01 GMT
Set-Cookie: Apache=10.16.0.11.1425938848762822; path=/; expires=Wed, 01-Mar-45 22:07:28 GMT
Set-Cookie: AKDC=slc-origin-www.paypal.com; expires=Mon, 09-Mar-2015 22:37:29 GMT; path=/; secure
Strict-Transport-Security: max-age=63072000

VERIFIED

[03/09/2015 10:58 PM] - FAIL: Validation post isn't from PayPal!
[From:weblaspalmas2.cyberneticos.net|5.79.73.217]IPN POST Vars Received By Paypal_IPN Response API:
IPN Response from Paypal Server:


[03/11/2015 2:33 PM] - FAIL: Validation post isn't from PayPal!
[From:weblaspalmas2.cyberneticos.net|5.79.73.217]IPN POST Vars Received By Paypal_IPN Response API:
IPN Response from Paypal Server:


[03/11/2015 4:00 PM] - FAIL: Validation post isn't from PayPal!
[From:weblaspalmas2.cyberneticos.net|5.79.73.217]IPN POST Vars Received By Paypal_IPN Response API:
IPN Response from Paypal Server:


[03/12/2015 1:44 PM] - FAIL: Validation post isn't from PayPal!
[From:weblaspalmas2.cyberneticos.net|5.79.73.217]IPN POST Vars Received By Paypal_IPN Response API:
IPN Response from Paypal Server:


[03/12/2015 6:40 PM] - FAIL: Validation post isn't from PayPal!
[From:weblaspalmas2.cyberneticos.net|5.79.73.217]IPN POST Vars Received By Paypal_IPN Response API:
IPN Response from Paypal Server:


[03/12/2015 7:44 PM] - SUCCESS:IPN VERIFIED!
[From:notify.paypal.com|173.0.81.1]IPN POST Vars Received By Paypal_IPN Response API:
mc_gross=32.05 
protection_eligibility=Eligible 
address_status=unconfirmed 
payer_id=M4UR9XPAR6UCW 
tax=2.10 
address_street=MARCOS CUBAS N∫ 9 
payment_date=12:44:46 Mar 12, 2015 PDT 
payment_status=Completed 
charset=windows-1252 
address_zip=35018 
first_name=PATRICIA 
mc_fee=1.44 
address_country_code=ES 
address_name=PATRICIA SANTANA GOPAR 
notify_version=3.8 
custom=453 
payer_status=verified 
business=info@tutest.es 
address_country=Spain 
address_city=LAS PALMAS DE GRAN CANARIA 
quantity=1 
verify_sign=Af2j6LjgUk7Wkmqkrxsutb.6i2dSAdze1sfRjMtlP.Ue7fve8UrU58OH 
payer_email=patriciasantanagopar@gmail.com 
txn_id=63U97309860355506 
payment_type=instant 
last_name=SANTANA GOPAR 
address_state=Las Palmas 
receiver_email=info@tutest.es 
payment_fee= 
receiver_id=GK7DTZA8BM4S4 
txn_type=web_accept 
item_name=G - 6) Temas 1 a 10 
mc_currency=EUR 
item_number= 
residence_country=ES 
handling_amount=0.00 
transaction_subject=453 
payment_gross= 
shipping=0.00 
ipn_track_id=d1da5a81d9307 
IPN Response from Paypal Server:
HTTP/1.1 200 OK
Server: Apache
X-Frame-Options: SAMEORIGIN
Cache-Control: max-age=0, no-cache, no-store, must-revalidate
Pragma: no-cache
Cache-Control: max-age=0, no-cache, no-store, must-revalidate
Pragma: no-cache
Content-Type: text/html; charset=UTF-8
DC: slc-a-origin-www-2.paypal.com
Date: Thu, 12 Mar 2015 19:45:08 GMT
Content-Length: 8
Connection: close
Set-Cookie: cwrClyrK4LoCV1fydGbAxiNL6iG=DCHEW1-4ej2SfHzXS9HtwNRC2lcBL3Yfau13wQiPDYEFtFGBZ1Khgpv9_S_Z1m3o-ALwgK8_9tyNty5ATT97N8TMG4e8QaCUSS86TJAUDRMI_wD1JoCwpogKXtdj0pQiTMw93hsEGjjxxFHRfmu4MrJCTj5E7XWbD4UQGU95w48hBAzSaBS0WocfW-XAxNj_t8AJWYx-uNEEOTpvDH9EMntHzIVANjmJwUzxOGIK_eFeN7YfxghUs5SQzhpaco1bmmAoAa35bDUHykmXqRRfTfYIL8eksmjTpcw0L05FETWAbbnCPALiEX155oUvh90fYnY_oNx0ImnNult2UIs0pDRlx8GmmdI0rPoxzDfgshfnnZj-krS_JpWl_BdmcORWuCZHGdM2g85--2pr0njH2HXO6k0TfHWUVUlq3jCiaIVACM_Ooa0mWIITNTW; domain=.paypal.com; path=/; Secure; HttpOnly
Set-Cookie: cookie_check=yes; expires=Sun, 09-Mar-2025 19:45:08 GMT; domain=.paypal.com; path=/; Secure; HttpOnly
Set-Cookie: navcmd=_notify-validate; domain=.paypal.com; path=/; Secure; HttpOnly
Set-Cookie: navlns=0.0; expires=Sat, 11-Mar-2017 19:45:08 GMT; domain=.paypal.com; path=/; Secure; HttpOnly
Set-Cookie: Apache=10.73.8.134.1426189508110329; path=/; expires=Sat, 04-Mar-45 19:45:08 GMT
Set-Cookie: X-PP-SILOVER=name%3DLIVE5.WEB.1%26silo_version%3D880%26app%3Dappdispatcher%26TIME%3D3303801173; domain=.paypal.com; path=/; Secure; HttpOnly
Set-Cookie: X-PP-SILOVER=; Expires=Thu, 01 Jan 1970 00:00:01 GMT
Set-Cookie: Apache=10.73.8.56.1426189508095559; path=/; expires=Sat, 04-Mar-45 19:45:08 GMT
Set-Cookie: AKDC=slc-a-origin-www-2.paypal.com; expires=Thu, 12-Mar-2015 20:15:08 GMT; path=/; secure
Strict-Transport-Security: max-age=63072000

VERIFIED

[03/12/2015 9:12 PM] - FAIL: Validation post isn't from PayPal!
[From:weblaspalmas2.cyberneticos.net|5.79.73.217]IPN POST Vars Received By Paypal_IPN Response API:
IPN Response from Paypal Server:


[03/13/2015 6:57 PM] - FAIL: Validation post isn't from PayPal!
[From:weblaspalmas2.cyberneticos.net|5.79.73.217]IPN POST Vars Received By Paypal_IPN Response API:
IPN Response from Paypal Server:


[03/14/2015 4:16 PM] - FAIL: Validation post isn't from PayPal!
[From:weblaspalmas2.cyberneticos.net|5.79.73.217]IPN POST Vars Received By Paypal_IPN Response API:
IPN Response from Paypal Server:


[03/14/2015 5:30 PM] - SUCCESS:IPN VERIFIED!
[From:notify.paypal.com|173.0.81.1]IPN POST Vars Received By Paypal_IPN Response API:
mc_gross=29.95 
protection_eligibility=Eligible 
address_status=unconfirmed 
payer_id=Y6KBCBSVD3FZN 
tax=0.00 
address_street=Guatemala 10 7∫B 
payment_date=10:30:51 Mar 14, 2015 PDT 
payment_status=Completed 
charset=windows-1252 
address_zip=28016 
first_name=Guillermo JosÈ 
mc_fee=1.37 
address_country_code=ES 
address_name=Guillermo JosÈ Alonso Borrego 
notify_version=3.8 
custom=460 
payer_status=verified 
business=info@tutest.es 
address_country=Spain 
address_city=Madrid 
quantity=1 
verify_sign=Ajiy6YmBz00sV0oT2S-obuaQ3kehAnutqeHPSOTnXGqiJsNUVXOJjZLD 
payer_email=guillealonso22@yahoo.es 
txn_id=6UW78346TJ262921W 
payment_type=instant 
last_name=Alonso Borrego 
address_state=Madrid 
receiver_email=info@tutest.es 
payment_fee= 
receiver_id=GK7DTZA8BM4S4 
txn_type=web_accept 
item_name=G - 6) Temas 1 a 10 
mc_currency=EUR 
item_number= 
residence_country=ES 
handling_amount=0.00 
transaction_subject=460 
payment_gross= 
shipping=0.00 
ipn_track_id=6e35241df27d8 
IPN Response from Paypal Server:
HTTP/1.1 200 OK
Server: Apache
X-Frame-Options: SAMEORIGIN
Cache-Control: max-age=0, no-cache, no-store, must-revalidate
Pragma: no-cache
Content-Type: text/html; charset=UTF-8
DC: slc-origin-www.paypal.com
Date: Sat, 14 Mar 2015 17:31:14 GMT
Content-Length: 8
Connection: close
Set-Cookie: cwrClyrK4LoCV1fydGbAxiNL6iG=oe0OekmQ-WZOtoyXsKkAmHAxU48KfEMyEansAv9vmsJ9pTBvmv5QHYZL-FyI6Qcyb_hLhHh49WK4C_lBqR0THx7Y07FTWa3ZezjLJblG04vRemlgJ3r2sm2v3FzVcOjrnJLam7Nfz3WX4Yp3fxNkwV5hgsNcyp9ve-vMVxnjfByMMKaCPjq5GaoAum3Js3T7872iZQ9BcUzDeH0yYP8jLXZImoYCo9LU5ilTALPqUuj8E874OG7yoSqJwMVSHhXVMj0YnXX7aoBx9MPbHeUBJPI8RJID2McQYRI3YxCGjafTI3OWa7-_s7LkcLaELPYcEDsUa93slYx9eXSf8ITbAZoV4kaMjyu4JKgkHvhrQ02An2edGdGCnLBqDmQU6eleFVOghxjG4Al-2CM02piMEIdxhzcU6-QuuMStQ9yRv45Upnj4aYF5czSCB9y; domain=.paypal.com; path=/; Secure; HttpOnly
Set-Cookie: cookie_check=yes; expires=Tue, 11-Mar-2025 17:31:14 GMT; domain=.paypal.com; path=/; Secure; HttpOnly
Set-Cookie: navcmd=_notify-validate; domain=.paypal.com; path=/; Secure; HttpOnly
Set-Cookie: navlns=0.0; expires=Mon, 13-Mar-2017 17:31:14 GMT; domain=.paypal.com; path=/; Secure; HttpOnly
Set-Cookie: Apache=10.16.0.14.1426354274196406; path=/; expires=Mon, 06-Mar-45 17:31:14 GMT
Set-Cookie: X-PP-SILOVER=name%3DLIVE9.WEB.1%26silo_version%3D880%26app%3Dappdispatcher%26TIME%3D1651508309; domain=.paypal.com; path=/; Secure; HttpOnly
Set-Cookie: X-PP-SILOVER=; Expires=Thu, 01 Jan 1970 00:00:01 GMT
Set-Cookie: Apache=10.16.0.11.1426354274191279; path=/; expires=Mon, 06-Mar-45 17:31:14 GMT
Set-Cookie: AKDC=slc-origin-www.paypal.com; expires=Sat, 14-Mar-2015 18:01:14 GMT; path=/; secure
Strict-Transport-Security: max-age=63072000

VERIFIED

[03/15/2015 11:13 AM] - FAIL: Validation post isn't from PayPal!
[From:weblaspalmas2.cyberneticos.net|5.79.73.217]IPN POST Vars Received By Paypal_IPN Response API:
IPN Response from Paypal Server:


[03/16/2015 10:46 AM] - FAIL: Validation post isn't from PayPal!
[From:weblaspalmas2.cyberneticos.net|5.79.73.217]IPN POST Vars Received By Paypal_IPN Response API:
IPN Response from Paypal Server:


[03/16/2015 11:24 AM] - FAIL: Validation post isn't from PayPal!
[From:weblaspalmas2.cyberneticos.net|5.79.73.217]IPN POST Vars Received By Paypal_IPN Response API:
IPN Response from Paypal Server:


[03/16/2015 11:59 AM] - FAIL: Validation post isn't from PayPal!
[From:weblaspalmas2.cyberneticos.net|5.79.73.217]IPN POST Vars Received By Paypal_IPN Response API:
IPN Response from Paypal Server:


[03/17/2015 9:48 AM] - SUCCESS:IPN VERIFIED!
[From:notify.paypal.com|173.0.81.1]IPN POST Vars Received By Paypal_IPN Response API:
mc_gross=49.95 
protection_eligibility=Eligible 
address_status=unconfirmed 
payer_id=REXBFTNYBXG34 
tax=0.00 
address_street=C.MISLATA 2-1 
payment_date=02:49:54 Mar 17, 2015 PDT 
payment_status=Completed 
charset=windows-1252 
address_zip=46950 
first_name=M.CARMEN 
mc_fee=2.05 
address_country_code=ES 
address_name=M.CARMEN P…REZ 
notify_version=3.8 
custom=473 
payer_status=unverified 
business=info@tutest.es 
address_country=Spain 
address_city=XIRIVELLA 
quantity=1 
verify_sign=ACkaqR7ROa2AQpuEQhuGtA05YcqQALMPtQj0Mxg5-AyuWGCHpLZoxQUY 
payer_email=RINCOMCARMEN@HOTMAIL.COM 
txn_id=66X739955F287402E 
payment_type=instant 
last_name=P…REZ 
address_state=Valencia 
receiver_email=info@tutest.es 
payment_fee= 
receiver_id=GK7DTZA8BM4S4 
txn_type=web_accept 
item_name=T - 2) Temario completo (AVANZADO) 
mc_currency=EUR 
item_number= 
residence_country=ES 
handling_amount=0.00 
transaction_subject=473 
payment_gross= 
shipping=0.00 
ipn_track_id=8a3f0a074afa3 
IPN Response from Paypal Server:
HTTP/1.1 200 OK
Server: Apache
X-Frame-Options: SAMEORIGIN
Cache-Control: max-age=0, no-cache, no-store, must-revalidate
Pragma: no-cache
Content-Type: text/html; charset=UTF-8
DC: slc-origin-www.paypal.com
Date: Tue, 17 Mar 2015 09:50:07 GMT
Content-Length: 8
Connection: close
Set-Cookie: cwrClyrK4LoCV1fydGbAxiNL6iG=TOGlufTMN_46-jmSjFixm-7cWy3I2yy6roFAmOcMPQlU0F1yXqBmg3qPJnZ19VYM5xjptLgwiC_NBZcZjVmCeCJmyuFo3nO2fkVj0Efwbyg0_bFRaK-PoFexMDs_gyzjv91a7K4lfOjchB2VbMpY5xcJiF5RN_9ttwOAJD0wsOx27jpiQugWcuH8prok6a3d_Ou432DHKxbFhWc9hBqY_7Uvq_FsOwYx9HYEXCOGE201BB9wl4_tb1U98kShPxALqp6ZPDgeL2ZP6TCg9lte5xKs-8A1bsOAUq8gMEUtfjXcdKr8UGSmodXTV-O3f6TXBlRLDAc-9LzC4CNCzmqJDfJ-YWU-gvXv8ykB-0vYwBLWKhajPAMsO5I1oSxIXxYAbAQurihCPO05XsFsWTmQMYQx5yXhWzW-U7k88fggtM-iMkln-3kVdXHN5iS; domain=.paypal.com; path=/; Secure; HttpOnly
Set-Cookie: cookie_check=yes; expires=Fri, 14-Mar-2025 09:50:07 GMT; domain=.paypal.com; path=/; Secure; HttpOnly
Set-Cookie: navcmd=_notify-validate; domain=.paypal.com; path=/; Secure; HttpOnly
Set-Cookie: navlns=0.0; expires=Thu, 16-Mar-2017 09:50:07 GMT; domain=.paypal.com; path=/; Secure; HttpOnly
Set-Cookie: Apache=10.16.0.148.1426585806654723; path=/; expires=Thu, 09-Mar-45 09:50:06 GMT
Set-Cookie: X-PP-SILOVER=name%3DLIVE9.WEB.1%26silo_version%3D880%26app%3Dappdispatcher%26TIME%3D3472361301; domain=.paypal.com; path=/; Secure; HttpOnly
Set-Cookie: X-PP-SILOVER=; Expires=Thu, 01 Jan 1970 00:00:01 GMT
Set-Cookie: Apache=10.16.0.11.1426585806647736; path=/; expires=Thu, 09-Mar-45 09:50:06 GMT
Set-Cookie: AKDC=slc-origin-www.paypal.com; expires=Tue, 17-Mar-2015 10:20:07 GMT; path=/; secure
Strict-Transport-Security: max-age=63072000

VERIFIED

[03/17/2015 11:20 AM] - FAIL: Validation post isn't from PayPal!
[From:weblaspalmas2.cyberneticos.net|5.79.73.217]IPN POST Vars Received By Paypal_IPN Response API:
IPN Response from Paypal Server:


[03/17/2015 2:11 PM] - SUCCESS:IPN VERIFIED!
[From:notify.paypal.com|173.0.81.1]IPN POST Vars Received By Paypal_IPN Response API:
mc_gross=39.95 
protection_eligibility=Eligible 
address_status=unconfirmed 
payer_id=29654NJJ4KTXU 
tax=0.00 
address_street=CastaÒos, 4 - 2∫ - Dcha. 
payment_date=07:12:54 Mar 17, 2015 PDT 
payment_status=Completed 
charset=windows-1252 
address_zip=48007 
first_name=Jose Maria 
mc_fee=1.71 
address_country_code=ES 
address_name=Jose Maria Rodriguez Villanueva 
notify_version=3.8 
custom=478 
payer_status=verified 
business=info@tutest.es 
address_country=Spain 
address_city=Bilbao 
quantity=1 
verify_sign=A4wgMucIhjyqmVyZbg4zSnxXkSwUAZtfpZ3CiQrxmqHbmPBScJQHp4WQ 
payer_email=josemariarv@outlook.es 
txn_id=0WY327281T459651L 
payment_type=instant 
last_name=Rodriguez Villanueva 
address_state=Vizcaya 
receiver_email=info@tutest.es 
payment_fee= 
receiver_id=GK7DTZA8BM4S4 
txn_type=web_accept 
item_name=T - 9) Temas 21 a 25 
mc_currency=EUR 
item_number= 
residence_country=ES 
handling_amount=0.00 
transaction_subject=478 
payment_gross= 
shipping=0.00 
ipn_track_id=87c8348af176e 
IPN Response from Paypal Server:
HTTP/1.1 200 OK
Server: Apache
X-Frame-Options: SAMEORIGIN
Cache-Control: max-age=0, no-cache, no-store, must-revalidate
Pragma: no-cache
Cache-Control: max-age=0, no-cache, no-store, must-revalidate
Pragma: no-cache
Content-Type: text/html; charset=UTF-8
DC: slc-a-origin-www-1.paypal.com
Date: Tue, 17 Mar 2015 14:13:03 GMT
Content-Length: 8
Connection: close
Set-Cookie: cwrClyrK4LoCV1fydGbAxiNL6iG=_BOawVs276yL85QCPOnnlHbVmyMDemtAsaZmo2EPLzqshUuafIR0CEf49_PoOUAOYbrlG4WrvaM7kXRft6Tqjm0qRxMHfb0UtNes3wgsiHQBU4j9axHaO-aApFoQek7os427qa4D3OBlnUkvzWV_A4n_2s3qlZxc2x_D_SdG0C6bHzLiaAvkOCMk6APMN7J2qzOSXSodZYvnh0SUv0M86onNAfwIj-mwWIbE1OwEfV88o1csmsDUacBbn4LtqQLiESDCPJdk0z7MvDgj9Pd0H-HfhbRZHTzsfXgYDum9C-rhRXJdmOQf66PjhI1adltYs4A5cXtfyVzY3iKu0uG2QnL6Iv-l9z5epM6l5C0-O0DnBhPqChZiuhRpCErPnW7RA73I9YdsUm3ALkDcPnqQkMmcliKhaeconzzUoDiKDb8OSiJpxIjK4U3siH0; domain=.paypal.com; path=/; Secure; HttpOnly
Set-Cookie: cookie_check=yes; expires=Fri, 14-Mar-2025 14:13:03 GMT; domain=.paypal.com; path=/; Secure; HttpOnly
Set-Cookie: navcmd=_notify-validate; domain=.paypal.com; path=/; Secure; HttpOnly
Set-Cookie: navlns=0.0; expires=Thu, 16-Mar-2017 14:13:03 GMT; domain=.paypal.com; path=/; Secure; HttpOnly
Set-Cookie: Apache=10.73.8.134.1426601582731151; path=/; expires=Thu, 09-Mar-45 14:13:02 GMT
Set-Cookie: X-PP-SILOVER=name%3DLIVE5.WEB.1%26silo_version%3D880%26app%3Dappdispatcher%26TIME%3D1849034837; domain=.paypal.com; path=/; Secure; HttpOnly
Set-Cookie: X-PP-SILOVER=; Expires=Thu, 01 Jan 1970 00:00:01 GMT
Set-Cookie: Apache=10.73.8.43.1426601582719937; path=/; expires=Thu, 09-Mar-45 14:13:02 GMT
Set-Cookie: AKDC=slc-a-origin-www-1.paypal.com; expires=Tue, 17-Mar-2015 14:43:03 GMT; path=/; secure
Strict-Transport-Security: max-age=63072000

VERIFIED

[03/17/2015 6:26 PM] - FAIL: Validation post isn't from PayPal!
[From:weblaspalmas2.cyberneticos.net|5.79.73.217]IPN POST Vars Received By Paypal_IPN Response API:
IPN Response from Paypal Server:


[03/18/2015 12:41 PM] - FAIL: Validation post isn't from PayPal!
[From:weblaspalmas2.cyberneticos.net|5.79.73.217]IPN POST Vars Received By Paypal_IPN Response API:
IPN Response from Paypal Server:


[03/18/2015 3:34 PM] - FAIL: Validation post isn't from PayPal!
[From:weblaspalmas2.cyberneticos.net|5.79.73.217]IPN POST Vars Received By Paypal_IPN Response API:
IPN Response from Paypal Server:


[03/18/2015 6:29 PM] - FAIL: Validation post isn't from PayPal!
[From:weblaspalmas2.cyberneticos.net|5.79.73.217]IPN POST Vars Received By Paypal_IPN Response API:
IPN Response from Paypal Server:


[03/20/2015 10:36 AM] - FAIL: Validation post isn't from PayPal!
[From:weblaspalmas2.cyberneticos.net|5.79.73.217]IPN POST Vars Received By Paypal_IPN Response API:
IPN Response from Paypal Server:


[03/20/2015 5:41 PM] - FAIL: Validation post isn't from PayPal!
[From:weblaspalmas2.cyberneticos.net|5.79.73.217]IPN POST Vars Received By Paypal_IPN Response API:
IPN Response from Paypal Server:


[03/20/2015 7:36 PM] - FAIL: Validation post isn't from PayPal!
[From:weblaspalmas2.cyberneticos.net|5.79.73.217]IPN POST Vars Received By Paypal_IPN Response API:
IPN Response from Paypal Server:


[03/21/2015 11:15 AM] - FAIL: Validation post isn't from PayPal!
[From:weblaspalmas2.cyberneticos.net|5.79.73.217]IPN POST Vars Received By Paypal_IPN Response API:
IPN Response from Paypal Server:


[03/21/2015 12:54 PM] - FAIL: Validation post isn't from PayPal!
[From:weblaspalmas2.cyberneticos.net|5.79.73.217]IPN POST Vars Received By Paypal_IPN Response API:
IPN Response from Paypal Server:


[03/21/2015 3:07 PM] - FAIL: Validation post isn't from PayPal!
[From:weblaspalmas2.cyberneticos.net|5.79.73.217]IPN POST Vars Received By Paypal_IPN Response API:
IPN Response from Paypal Server:


[03/21/2015 6:57 PM] - FAIL: Validation post isn't from PayPal!
[From:weblaspalmas2.cyberneticos.net|5.79.73.217]IPN POST Vars Received By Paypal_IPN Response API:
IPN Response from Paypal Server:


[03/21/2015 9:12 PM] - SUCCESS:IPN VERIFIED!
[From:notify.paypal.com|173.0.81.1]IPN POST Vars Received By Paypal_IPN Response API:
mc_gross=39.95 
protection_eligibility=Ineligible 
address_status=unconfirmed 
payer_id=YN6FC7ZREUPM2 
tax=0.00 
address_street=CORAZON DE MARIA 50 
payment_date=14:13:18 Mar 21, 2015 PDT 
payment_status=Completed 
charset=windows-1252 
address_zip=28002 
first_name=alicia 
mc_fee=1.71 
address_country_code=ES 
address_name=alicia segura 
notify_version=3.8 
custom=512 
payer_status=unverified 
business=info@tutest.es 
address_country=Spain 
address_city=MADRID 
quantity=1 
verify_sign=A-wfb8Q6pSREY6XrRXDk-aXSaf1SAWQsH.R-XiMEnsq.RROAd7QJrBUB 
payer_email=amasegar@hotmail.com 
txn_id=3KC51878K2198214P 
payment_type=instant 
last_name=segura 
address_state=Madrid 
receiver_email=info@tutest.es 
payment_fee= 
receiver_id=GK7DTZA8BM4S4 
txn_type=web_accept 
item_name=G - 3) Jurisdicci√≥n CIVIL 
mc_currency=EUR 
item_number= 
residence_country=ES 
receipt_id=0093-3460-7210-9411 
handling_amount=0.00 
transaction_subject=512 
payment_gross= 
shipping=0.00 
ipn_track_id=e5c2ff0084ae7 
IPN Response from Paypal Server:
HTTP/1.1 200 OK
Server: Apache
X-Frame-Options: SAMEORIGIN
Cache-Control: max-age=0, no-cache, no-store, must-revalidate
Pragma: no-cache
Cache-Control: max-age=0, no-cache, no-store, must-revalidate
Pragma: no-cache
Content-Type: text/html; charset=UTF-8
DC: slc-b-origin-www-1.paypal.com
Date: Sat, 21 Mar 2015 21:13:31 GMT
Content-Length: 8
Connection: close
Set-Cookie: cwrClyrK4LoCV1fydGbAxiNL6iG=NkbK_QJA0fk6A9AI_OaieNeuyZ72ixTC9Zek03toTqKFRZf8xWpl5vr1FMZTeHbz9qfYatHegZfsDqSrC-tiHXv57feEK8f_e5Wh4YfJeS4gtgg5WL5R34wsbR31V0KmJhRIsYMLXArAAa2HKQXfFQbzN_XUikGFeS53YTOHQinelNp8pGtAUNH4AeJHxDEK4A8WyytwD1o_-ShgcYLundjsZN3t35muuUuJdsf_UQc5CA24fBQclZuvZ4f4KtPPXnMeDVmXUd7R_HPPNXdOwtHs3ecOT3w8auKUnOUIKWReJPzYTDZ37eFATzbdgoAmeMF7S-CaJNu_tgnGWKoipIGLRFnFl5A28UkzINxRRhfzIDPBaUIimAXWbugKJuVjaiNcsprkPpEtNgv_z8HnraGwc97nU7VFLGmu315uBafHS8hXx9PUn7sSzxq; domain=.paypal.com; path=/; Secure; HttpOnly
Set-Cookie: cookie_check=yes; expires=Tue, 18-Mar-2025 21:13:31 GMT; domain=.paypal.com; path=/; Secure; HttpOnly
Set-Cookie: navcmd=_notify-validate; domain=.paypal.com; path=/; Secure; HttpOnly
Set-Cookie: navlns=0.0; expires=Mon, 20-Mar-2017 21:13:31 GMT; domain=.paypal.com; path=/; Secure; HttpOnly
Set-Cookie: Apache=10.74.8.134.1426972411235349; path=/; expires=Mon, 13-Mar-45 21:13:31 GMT
Set-Cookie: X-PP-SILOVER=name%3DLIVE6.WEB.1%26silo_version%3D880%26app%3Dappdispatcher%26TIME%3D4225633621; domain=.paypal.com; path=/; Secure; HttpOnly
Set-Cookie: X-PP-SILOVER=; Expires=Thu, 01 Jan 1970 00:00:01 GMT
Set-Cookie: Apache=10.74.8.51.1426972411224289; path=/; expires=Mon, 13-Mar-45 21:13:31 GMT
Set-Cookie: AKDC=slc-b-origin-www-1.paypal.com; expires=Sat, 21-Mar-2015 21:43:31 GMT; path=/; secure
Strict-Transport-Security: max-age=63072000

VERIFIED

[03/22/2015 11:34 AM] - FAIL: Validation post isn't from PayPal!
[From:weblaspalmas2.cyberneticos.net|5.79.73.217]IPN POST Vars Received By Paypal_IPN Response API:
IPN Response from Paypal Server:


[03/22/2015 7:26 PM] - FAIL: Validation post isn't from PayPal!
[From:weblaspalmas2.cyberneticos.net|5.79.73.217]IPN POST Vars Received By Paypal_IPN Response API:
IPN Response from Paypal Server:


[03/22/2015 9:52 PM] - FAIL: Validation post isn't from PayPal!
[From:weblaspalmas2.cyberneticos.net|5.79.73.217]IPN POST Vars Received By Paypal_IPN Response API:
IPN Response from Paypal Server:


[03/23/2015 5:59 PM] - FAIL: Validation post isn't from PayPal!
[From:weblaspalmas2.cyberneticos.net|5.79.73.217]IPN POST Vars Received By Paypal_IPN Response API:
IPN Response from Paypal Server:


[03/23/2015 8:00 PM] - FAIL: Validation post isn't from PayPal!
[From:weblaspalmas2.cyberneticos.net|5.79.73.217]IPN POST Vars Received By Paypal_IPN Response API:
IPN Response from Paypal Server:


[03/24/2015 9:39 AM] - SUCCESS:IPN VERIFIED!
[From:notify.paypal.com|173.0.81.1]IPN POST Vars Received By Paypal_IPN Response API:
mc_gross=49.95 
protection_eligibility=Eligible 
address_status=unconfirmed 
payer_id=HS6KYMMKPWKG4 
tax=0.00 
address_street=camino corazoncillo 1 
payment_date=02:40:53 Mar 24, 2015 PDT 
payment_status=Completed 
charset=windows-1252 
address_zip=38750 
first_name=Ana Teresa 
mc_fee=2.05 
address_country_code=ES 
address_name=Ana Teresa Cardona Osorio 
notify_version=3.8 
custom=522 
payer_status=unverified 
business=info@tutest.es 
address_country=Spain 
address_city=El paso 
quantity=1 
verify_sign=Ag1Lg7s6rmxilqMXvqkEDS7N5UzXAiJkg9y.vQYaGZaAnKMhIuvjPOUG 
payer_email=atcardona2@yahoo.es 
txn_id=0GT28650NT433922C 
payment_type=instant 
last_name=Cardona Osorio 
address_state=Santa Cruz de Tenerife 
receiver_email=info@tutest.es 
payment_fee= 
receiver_id=GK7DTZA8BM4S4 
txn_type=web_accept 
item_name=G - 2) Temario completo (AVANZADO) 
mc_currency=EUR 
item_number= 
residence_country=ES 
handling_amount=0.00 
transaction_subject=522 
payment_gross= 
shipping=0.00 
ipn_track_id=8465554d334b4 
IPN Response from Paypal Server:
HTTP/1.1 200 OK
Server: Apache
X-Frame-Options: SAMEORIGIN
Cache-Control: max-age=0, no-cache, no-store, must-revalidate
Pragma: no-cache
Cache-Control: max-age=0, no-cache, no-store, must-revalidate
Pragma: no-cache
Content-Type: text/html; charset=UTF-8
DC: slc-b-origin-www-1.paypal.com
Date: Tue, 24 Mar 2015 09:41:11 GMT
Content-Length: 8
Connection: close
Set-Cookie: cwrClyrK4LoCV1fydGbAxiNL6iG=R-h-9t4uYjDFRK-TrdS3Vu7jiS82ovfSzlo7_8mFRoFI5vxFGccXrf4w5LokeCLrFViY4STo38xmrDhcgOmhn7yIURn5dN9c8qsnglkJom3zb0GkonJivUbQp225eLtjjQWVnJ2z5O8Jen8wF6bFZiAWYHU8Tlfd8JP6lTdmlHAE5XMPznzZ1mHnhZBTwj1DxRxMW5NjQKYtqH5AJHZJIJFP2CWDuUhjXfghoR53exYnODES0Z11A8qNFuHTTHwxdS9p2qS0Tl2lpHYGzo_SAnzSpQNmVHO7InLN9WZnNZvd85KTisYMAps1wmOINGlgsudsR22w7LDV1kBc1Rd6E5B2B3WiZlS6upnWgA7CYEFDWjPHMG9Sf-0d7UEvi3zbnQy_Fu3K_3TiGo62-a5WKgJcIyUuDKNJhlf9zOeo2POWrx5w_5SwQ8p5_EO; domain=.paypal.com; path=/; Secure; HttpOnly
Set-Cookie: cookie_check=yes; expires=Fri, 21-Mar-2025 09:41:10 GMT; domain=.paypal.com; path=/; Secure; HttpOnly
Set-Cookie: navcmd=_notify-validate; domain=.paypal.com; path=/; Secure; HttpOnly
Set-Cookie: navlns=0.0; expires=Thu, 23-Mar-2017 09:41:10 GMT; domain=.paypal.com; path=/; Secure; HttpOnly
Set-Cookie: Apache=10.74.8.137.1427190070563767; path=/; expires=Thu, 16-Mar-45 09:41:10 GMT
Set-Cookie: X-PP-SILOVER=name%3DLIVE6.WEB.1%26silo_version%3D880%26app%3Dappdispatcher%26TIME%3D909185365; domain=.paypal.com; path=/; Secure; HttpOnly
Set-Cookie: X-PP-SILOVER=; Expires=Thu, 01 Jan 1970 00:00:01 GMT
Set-Cookie: Apache=10.74.8.50.1427190070556840; path=/; expires=Thu, 16-Mar-45 09:41:10 GMT
Set-Cookie: AKDC=slc-b-origin-www-1.paypal.com; expires=Tue, 24-Mar-2015 10:11:11 GMT; path=/; secure
Strict-Transport-Security: max-age=63072000

VERIFIED

[03/24/2015 1:34 PM] - FAIL: Validation post isn't from PayPal!
[From:weblaspalmas2.cyberneticos.net|5.79.73.217]IPN POST Vars Received By Paypal_IPN Response API:
IPN Response from Paypal Server:


[03/24/2015 5:44 PM] - FAIL: Validation post isn't from PayPal!
[From:weblaspalmas2.cyberneticos.net|5.79.73.217]IPN POST Vars Received By Paypal_IPN Response API:
IPN Response from Paypal Server:


[03/24/2015 6:23 PM] - SUCCESS:IPN VERIFIED!
[From:notify.paypal.com|173.0.81.1]IPN POST Vars Received By Paypal_IPN Response API:
mc_gross=29.95 
protection_eligibility=Eligible 
address_status=unconfirmed 
payer_id=Y6KBCBSVD3FZN 
tax=0.00 
address_street=Guatemala 10 7∫B 
payment_date=11:24:29 Mar 24, 2015 PDT 
payment_status=Completed 
charset=windows-1252 
address_zip=28016 
first_name=Guillermo JosÈ 
mc_fee=1.37 
address_country_code=ES 
address_name=Guillermo JosÈ Alonso Borrego 
notify_version=3.8 
custom=528 
payer_status=verified 
business=info@tutest.es 
address_country=Spain 
address_city=Madrid 
quantity=1 
verify_sign=AvA41PlRhS5HNb55SiuyswWZh606AyDB1FP.s-oEZChcVAnQLSc4.T4H 
payer_email=guillealonso22@yahoo.es 
txn_id=67K56262P7892983P 
payment_type=instant 
last_name=Alonso Borrego 
address_state=Madrid 
receiver_email=info@tutest.es 
payment_fee= 
receiver_id=GK7DTZA8BM4S4 
txn_type=web_accept 
item_name=G - 8) Temas 21 a 30 
mc_currency=EUR 
item_number= 
residence_country=ES 
handling_amount=0.00 
transaction_subject=528 
payment_gross= 
shipping=0.00 
ipn_track_id=15e319ef246cc 
IPN Response from Paypal Server:
HTTP/1.1 200 OK
Server: Apache
X-Frame-Options: SAMEORIGIN
Cache-Control: max-age=0, no-cache, no-store, must-revalidate
Pragma: no-cache
Cache-Control: max-age=0, no-cache, no-store, must-revalidate
Pragma: no-cache
Content-Type: text/html; charset=UTF-8
DC: slc-a-origin-www-1.paypal.com
Date: Tue, 24 Mar 2015 18:24:51 GMT
Content-Length: 8
Connection: close
Set-Cookie: cwrClyrK4LoCV1fydGbAxiNL6iG=_O2m3dohSng7cMZRjfWWvPTdp_sCtJT-1SFYmuUAEkjY6_fo6imy8eLKOeEhELg5sAbVe6KUO79rRvFZvaxzc3gTpY_KvYMv1HTAE81moEHBOIzrYwAGNF-P31lCvVuPnaDAT5vyTJy2q8JSypG8NuC3wwCyKefpyXeilVfJF2qcF89xXQAQFW2Ks9FUncsqNBry-FFM67eGO2uYusT0lhXObxhskV0tfR1cliBxxchILvPmGbzXuzvcPvGwv_meCZMQstrzKsE5Kg-ZUiovtiKYTv1xVxmb1ej4wgYKC8XkE64K17Sde-i5AIAtLrh5-iS9e4hkxFBJT52uB8Pli1rcdIcG_x4HuU0tadxzX_MdN4Sd5gDmAKvJZNdDnm9A2ChvJiAuMVfSiAt_fAB35Rf_MBnd8IUtYQJjZ_GJG2vMGDzWSXKK_LACrcS; domain=.paypal.com; path=/; Secure; HttpOnly
Set-Cookie: cookie_check=yes; expires=Fri, 21-Mar-2025 18:24:51 GMT; domain=.paypal.com; path=/; Secure; HttpOnly
Set-Cookie: navcmd=_notify-validate; domain=.paypal.com; path=/; Secure; HttpOnly
Set-Cookie: navlns=0.0; expires=Thu, 23-Mar-2017 18:24:51 GMT; domain=.paypal.com; path=/; Secure; HttpOnly
Set-Cookie: Apache=10.73.8.134.1427221490840239; path=/; expires=Thu, 16-Mar-45 18:24:50 GMT
Set-Cookie: X-PP-SILOVER=name%3DLIVE5.WEB.1%26silo_version%3D880%26app%3Dappdispatcher%26TIME%3D4071297365; domain=.paypal.com; path=/; Secure; HttpOnly
Set-Cookie: X-PP-SILOVER=; Expires=Thu, 01 Jan 1970 00:00:01 GMT
Set-Cookie: Apache=10.73.8.35.1427221490827941; path=/; expires=Thu, 16-Mar-45 18:24:50 GMT
Set-Cookie: AKDC=slc-a-origin-www-1.paypal.com; expires=Tue, 24-Mar-2015 18:54:51 GMT; path=/; secure
Strict-Transport-Security: max-age=63072000

VERIFIED

[03/26/2015 11:19 AM] - FAIL: Validation post isn't from PayPal!
[From:weblaspalmas2.cyberneticos.net|5.79.73.217]IPN POST Vars Received By Paypal_IPN Response API:
IPN Response from Paypal Server:


[03/26/2015 6:23 PM] - SUCCESS:IPN VERIFIED!
[From:notify.paypal.com|173.0.81.1]IPN POST Vars Received By Paypal_IPN Response API:
mc_gross=49.95 
protection_eligibility=Ineligible 
address_status=unconfirmed 
payer_id=3ML67WM64SAJU 
tax=0.00 
address_street=C/Castilla, 69 
payment_date=11:25:20 Mar 26, 2015 PDT 
payment_status=Completed 
charset=windows-1252 
address_zip=35600 
first_name=Lidia Esther 
mc_fee=2.05 
address_country_code=ES 
address_name=Lidia Esther Vallejo Alem·n 
notify_version=3.8 
custom=535 
payer_status=unverified 
business=info@tutest.es 
address_country=Spain 
address_city=Puerto del Rosario 
quantity=1 
verify_sign=A6ainnINXDApeLnFUXg-ltXpJ4WmAow5UXmULj6F9h7ncQlY6QUHwpUL 
payer_email=nlidia1@hotmail.com 
txn_id=2L232510BL4110447 
payment_type=instant 
last_name=Vallejo Alem·n 
address_state=Las Palmas 
receiver_email=info@tutest.es 
payment_fee= 
receiver_id=GK7DTZA8BM4S4 
txn_type=web_accept 
item_name=T - 1) Temario completo (B√ÅSICO) 
mc_currency=EUR 
item_number= 
residence_country=ES 
receipt_id=0990-8570-2436-9378 
handling_amount=0.00 
transaction_subject=535 
payment_gross= 
shipping=0.00 
ipn_track_id=c9dbd024e0c94 
IPN Response from Paypal Server:
HTTP/1.1 200 OK
Server: Apache
X-Frame-Options: SAMEORIGIN
Cache-Control: max-age=0, no-cache, no-store, must-revalidate
Pragma: no-cache
Cache-Control: max-age=0, no-cache, no-store, must-revalidate
Pragma: no-cache
Content-Type: text/html; charset=UTF-8
DC: slc-a-origin-www-1.paypal.com
Date: Thu, 26 Mar 2015 18:25:33 GMT
Content-Length: 8
Connection: close
Set-Cookie: cwrClyrK4LoCV1fydGbAxiNL6iG=qbSbDC2cnP-SG_Tv0piBpi-Rf0u15NpKWRJFYkOZqUmLs2wc1PFBC5llcVRSfftYnkBBNs8fwr78SEtVspCHaU2HLLMtOr-fPnPW4X8pCsWYOH1BPdYm4Jg1zwoIY6uo882cVjMnd2cq0tycUt0EknTlvOfXBrKaAnk3yjLvjm2WNoi9YfiloeFQ43sT_eRYg_8OuKS8o6idLulMrMgLEfY9BlY4Ni8dvQlTGZl92kz7VVEPdQcneJY1KTzrRVRGi5L3tN6MmBUkQaifTuiYa2zBC9tOR-VsewPvJV8i9nm0Mxu8bVUwl7T8y29zaCCIKl0TEmZe8LrFetkDP9u_55f1auoDxst1FwMW3FFXb-hHfe74WPIMx0akErWr7638YaXesA-oOtJ5FXqjYFP6IXHr1g4vRF0412tSN4WPVXbE4UGrVtzEZqWs7nq; domain=.paypal.com; path=/; Secure; HttpOnly
Set-Cookie: cookie_check=yes; expires=Sun, 23-Mar-2025 18:25:33 GMT; domain=.paypal.com; path=/; Secure; HttpOnly
Set-Cookie: navcmd=_notify-validate; domain=.paypal.com; path=/; Secure; HttpOnly
Set-Cookie: navlns=0.0; expires=Sat, 25-Mar-2017 18:25:33 GMT; domain=.paypal.com; path=/; Secure; HttpOnly
Set-Cookie: Apache=10.73.8.137.1427394333160872; path=/; expires=Sat, 18-Mar-45 18:25:33 GMT
Set-Cookie: X-PP-SILOVER=name%3DLIVE5.WEB.1%26silo_version%3D880%26app%3Dappdispatcher%26TIME%3D491721813; domain=.paypal.com; path=/; Secure; HttpOnly
Set-Cookie: X-PP-SILOVER=; Expires=Thu, 01 Jan 1970 00:00:01 GMT
Set-Cookie: Apache=10.73.8.48.1427394333154202; path=/; expires=Sat, 18-Mar-45 18:25:33 GMT
Set-Cookie: AKDC=slc-a-origin-www-1.paypal.com; expires=Thu, 26-Mar-2015 18:55:33 GMT; path=/; secure
Strict-Transport-Security: max-age=63072000

VERIFIED

[03/26/2015 6:56 PM] - FAIL: Validation post isn't from PayPal!
[From:weblaspalmas2.cyberneticos.net|5.79.73.217]IPN POST Vars Received By Paypal_IPN Response API:
IPN Response from Paypal Server:


[03/27/2015 7:27 AM] - FAIL: Validation post isn't from PayPal!
[From:weblaspalmas2.cyberneticos.net|5.79.73.217]IPN POST Vars Received By Paypal_IPN Response API:
IPN Response from Paypal Server:


[03/27/2015 2:14 PM] - FAIL: Validation post isn't from PayPal!
[From:weblaspalmas2.cyberneticos.net|5.79.73.217]IPN POST Vars Received By Paypal_IPN Response API:
IPN Response from Paypal Server:


[03/28/2015 12:20 PM] - SUCCESS:IPN VERIFIED!
[From:notify.paypal.com|173.0.81.1]IPN POST Vars Received By Paypal_IPN Response API:
mc_gross=49.95 
protection_eligibility=Eligible 
address_status=unconfirmed 
payer_id=EDNT6YHC3NBK6 
tax=0.00 
address_street=vencedor 1 bajo derecha 
payment_date=05:21:57 Mar 28, 2015 PDT 
payment_status=Completed 
charset=windows-1252 
address_zip=35600 
first_name=pino isabel 
mc_fee=2.05 
address_country_code=ES 
address_name=pino isabel quevedo LeÛn 
notify_version=3.8 
custom=542 
payer_status=unverified 
business=info@tutest.es 
address_country=Spain 
address_city=puerto del rosario 
quantity=1 
verify_sign=AfmoPd3HxOwcRRs93wkFW-pIqTc2AnUGsLRsCauio9ZRuUcPc0quBdhj 
payer_email=pinibell@yahoo.es 
txn_id=4TM75738S8836171W 
payment_type=instant 
last_name=quevedo LeÛn 
address_state=Las Palmas 
receiver_email=info@tutest.es 
payment_fee= 
receiver_id=GK7DTZA8BM4S4 
txn_type=web_accept 
item_name=T - 2) Temario completo (AVANZADO) 
mc_currency=EUR 
item_number= 
residence_country=ES 
handling_amount=0.00 
transaction_subject=542 
payment_gross= 
shipping=0.00 
ipn_track_id=4ed6505f56c65 
IPN Response from Paypal Server:
HTTP/1.1 200 OK
Server: Apache
X-Frame-Options: SAMEORIGIN
Cache-Control: max-age=0, no-cache, no-store, must-revalidate
Pragma: no-cache
Cache-Control: max-age=0, no-cache, no-store, must-revalidate
Pragma: no-cache
Content-Type: text/html; charset=UTF-8
DC: slc-a-origin-www-2.paypal.com
Date: Sat, 28 Mar 2015 12:22:07 GMT
Content-Length: 8
Connection: close
Set-Cookie: cwrClyrK4LoCV1fydGbAxiNL6iG=6jXAInBKePD71ak1su_fbKpJy_FYhpZB22ju1UbWV0xxMRugxdFQUQmtG89l6tSydq4e28CUWV0ZQPPhBy7sDiB1HYMU32BoTgOqDZn5-REKxiz1_Aps4v3qOWvDIiZ6Wmw4Wrbzvo_dUDAubKhUKZqTtA6skHQfmsDTnSFnwIYT2L4jjHMbh-bMAufBvQBBaWzybhg0K_C8izWCKt-RsOF8jqkdrUkanL6QQyniNIziLfPZijpso-Bj6qqX4d4s6SjekPIm2jClhs6yKZ1m1srF9aNjopRESb53gaxVu_Wy_EuhInr4FMZM_aQ-Q6gaeX9dv_6P2-96r67MHh-OmVvVKesDkZtvZ6AfBoeUxBATiwjjM9mSaWVBCix-sYrX2yCmD59uhrJ3D4QcDCGTiF2NBNqFp6azP44_A8ckx3gEft3FWCcVGzP8fdy; domain=.paypal.com; path=/; Secure; HttpOnly
Set-Cookie: cookie_check=yes; expires=Tue, 25-Mar-2025 12:22:07 GMT; domain=.paypal.com; path=/; Secure; HttpOnly
Set-Cookie: navcmd=_notify-validate; domain=.paypal.com; path=/; Secure; HttpOnly
Set-Cookie: navlns=0.0; expires=Mon, 27-Mar-2017 12:22:07 GMT; domain=.paypal.com; path=/; Secure; HttpOnly
Set-Cookie: Apache=10.73.8.137.1427545327196358; path=/; expires=Mon, 20-Mar-45 12:22:07 GMT
Set-Cookie: X-PP-SILOVER=name%3DLIVE5.WEB.1%26silo_version%3D880%26app%3Dappdispatcher%26TIME%3D4019983957; domain=.paypal.com; path=/; Secure; HttpOnly
Set-Cookie: X-PP-SILOVER=; Expires=Thu, 01 Jan 1970 00:00:01 GMT
Set-Cookie: Apache=10.73.8.62.1427545327189717; path=/; expires=Mon, 20-Mar-45 12:22:07 GMT
Set-Cookie: AKDC=slc-a-origin-www-2.paypal.com; expires=Sat, 28-Mar-2015 12:52:07 GMT; path=/; secure
Strict-Transport-Security: max-age=63072000

VERIFIED

[03/28/2015 8:22 PM] - FAIL: Validation post isn't from PayPal!
[From:weblaspalmas2.cyberneticos.net|5.79.73.217]IPN POST Vars Received By Paypal_IPN Response API:
IPN Response from Paypal Server:


[03/29/2015 9:10 PM] - FAIL: Validation post isn't from PayPal!
[From:weblaspalmas2.cyberneticos.net|5.79.73.217]IPN POST Vars Received By Paypal_IPN Response API:
IPN Response from Paypal Server:


[03/29/2015 9:11 PM] - FAIL: Validation post isn't from PayPal!
[From:weblaspalmas2.cyberneticos.net|5.79.73.217]IPN POST Vars Received By Paypal_IPN Response API:
IPN Response from Paypal Server:


[03/29/2015 9:13 PM] - FAIL: Validation post isn't from PayPal!
[From:weblaspalmas2.cyberneticos.net|5.79.73.217]IPN POST Vars Received By Paypal_IPN Response API:
IPN Response from Paypal Server:


[03/29/2015 9:13 PM] - FAIL: Validation post isn't from PayPal!
[From:weblaspalmas2.cyberneticos.net|5.79.73.217]IPN POST Vars Received By Paypal_IPN Response API:
IPN Response from Paypal Server:


[03/30/2015 3:57 PM] - FAIL: Validation post isn't from PayPal!
[From:weblaspalmas2.cyberneticos.net|5.79.73.217]IPN POST Vars Received By Paypal_IPN Response API:
IPN Response from Paypal Server:


[04/01/2015 11:39 AM] - FAIL: Validation post isn't from PayPal!
[From:weblaspalmas2.cyberneticos.net|5.79.73.217]IPN POST Vars Received By Paypal_IPN Response API:
IPN Response from Paypal Server:


[04/01/2015 7:12 PM] - SUCCESS:IPN VERIFIED!
[From:notify.paypal.com|173.0.81.1]IPN POST Vars Received By Paypal_IPN Response API:
mc_gross=49.95 
protection_eligibility=Ineligible 
address_status=unconfirmed 
payer_id=8DRG3SN7RP6NE 
tax=0.00 
address_street=hermanos machado 28 
payment_date=12:13:33 Apr 01, 2015 PDT 
payment_status=Completed 
charset=windows-1252 
address_zip=35600 
first_name=coralia maria 
mc_fee=2.05 
address_country_code=ES 
address_name=coralia maria morales santana 
notify_version=3.8 
custom=559 
payer_status=unverified 
business=info@tutest.es 
address_country=Spain 
address_city=Puerto del Rosario 
quantity=1 
verify_sign=ANOgshsaD.41mSIuSVwfU2t4cmmGAY2FtjMJjjHbvssO2f8W6MzTo24D 
payer_email=coraliasub@gmail.com 
txn_id=6SA585432S0563715 
payment_type=instant 
last_name=morales santana 
address_state=Las Palmas 
receiver_email=info@tutest.es 
payment_fee= 
receiver_id=GK7DTZA8BM4S4 
txn_type=web_accept 
item_name=T - 1) Temario completo (B√ÅSICO) 
mc_currency=EUR 
item_number= 
residence_country=ES 
receipt_id=0335-2886-1522-0719 
handling_amount=0.00 
transaction_subject=559 
payment_gross= 
shipping=0.00 
ipn_track_id=405ee02b8a53d 
IPN Response from Paypal Server:
HTTP/1.1 200 OK
Server: Apache
X-Frame-Options: SAMEORIGIN
Cache-Control: max-age=0, no-cache, no-store, must-revalidate
Pragma: no-cache
Cache-Control: max-age=0, no-cache, no-store, must-revalidate
Pragma: no-cache
Content-Type: text/html; charset=UTF-8
DC: slc-a-origin-www-1.paypal.com
Date: Wed, 01 Apr 2015 19:14:05 GMT
Content-Length: 8
Connection: close
Set-Cookie: cwrClyrK4LoCV1fydGbAxiNL6iG=ve3OEGMvF-CEFRWyKNgbNnoJHyrslv2QyHBY10OLiW6AeH-tylg18o9U93Rj5a_2n-iZOFk5k1-X6N3VTA9fKZ4UVW2_PVuspGzRO8TtOfaVdikYInOcJCOUQ82FtEgovfoO6dP5B3M9txt7MxWlwDHicrwy6pavWEzWi0NlCyMcJh8PJ2Rkcx6WWxIGwQXM2jLXdHKoRYVp3jDCJN91b_rCLaT6oeMd-nMErGd2BCeA6V1gAO3xQu9_LdrlV13U7kTuaxYvMoDPvQlz58oPQTdcDfXRdPv3VMp-3WiOqUyJd7nq1YZuGUAd7kCtLyEPo0poTO3d3DdtiGsU5gBeYKSnDX62gaz7LaGXGtSePGe5RAWYmoPiEz4vYEMdeLKKhO367UthkbFifZw6Mz6gv3lntFR96LKPME8NIWS_we4c4G_irGsDLCBQoW8; domain=.paypal.com; path=/; Secure; HttpOnly
Set-Cookie: cookie_check=yes; expires=Sat, 29-Mar-2025 19:14:05 GMT; domain=.paypal.com; path=/; Secure; HttpOnly
Set-Cookie: navcmd=_notify-validate; domain=.paypal.com; path=/; Secure; HttpOnly
Set-Cookie: navlns=0.0; expires=Fri, 31-Mar-2017 19:14:05 GMT; domain=.paypal.com; path=/; Secure; HttpOnly
Set-Cookie: Apache=10.73.8.134.1427915644821442; path=/; expires=Fri, 24-Mar-45 19:14:04 GMT
Set-Cookie: X-PP-SILOVER=name%3DLIVE5.WEB.1%26silo_version%3D880%26app%3Dappdispatcher%26TIME%3D2084772949; domain=.paypal.com; path=/; Secure; HttpOnly
Set-Cookie: X-PP-SILOVER=; Expires=Thu, 01 Jan 1970 00:00:01 GMT
Set-Cookie: Apache=10.73.8.50.1427915644816305; path=/; expires=Fri, 24-Mar-45 19:14:04 GMT
Set-Cookie: AKDC=slc-a-origin-www-1.paypal.com; expires=Wed, 01-Apr-2015 19:44:05 GMT; path=/; secure
Strict-Transport-Security: max-age=63072000

VERIFIED

[04/02/2015 11:43 AM] - FAIL: Validation post isn't from PayPal!
[From:weblaspalmas2.cyberneticos.net|5.79.73.217]IPN POST Vars Received By Paypal_IPN Response API:
IPN Response from Paypal Server:


[04/02/2015 12:30 PM] - FAIL: Validation post isn't from PayPal!
[From:weblaspalmas2.cyberneticos.net|5.79.73.217]IPN POST Vars Received By Paypal_IPN Response API:
IPN Response from Paypal Server:


[04/03/2015 11:15 AM] - FAIL: Validation post isn't from PayPal!
[From:weblaspalmas2.cyberneticos.net|5.79.73.217]IPN POST Vars Received By Paypal_IPN Response API:
IPN Response from Paypal Server:


[04/04/2015 9:29 AM] - SUCCESS:IPN VERIFIED!
[From:notify.paypal.com|173.0.81.1]IPN POST Vars Received By Paypal_IPN Response API:
mc_gross=29.95 
protection_eligibility=Eligible 
address_status=unconfirmed 
payer_id=Y6KBCBSVD3FZN 
tax=0.00 
address_street=Guatemala 10 7∫B 
payment_date=02:31:35 Apr 04, 2015 PDT 
payment_status=Completed 
charset=windows-1252 
address_zip=28016 
first_name=Guillermo JosÈ 
mc_fee=1.37 
address_country_code=ES 
address_name=Guillermo JosÈ Alonso Borrego 
notify_version=3.8 
custom=566 
payer_status=verified 
business=info@tutest.es 
address_country=Spain 
address_city=Madrid 
quantity=1 
verify_sign=A3CvLndtWm71GoLzl1SDFfTKUNFHA0bM9GYWwTL20NXdmjzi5WQB5Z1k 
payer_email=guillealonso22@yahoo.es 
txn_id=8AX071818T193282H 
payment_type=instant 
last_name=Alonso Borrego 
address_state=Madrid 
receiver_email=info@tutest.es 
payment_fee= 
receiver_id=GK7DTZA8BM4S4 
txn_type=web_accept 
item_name=G - 7) Temas 11 a 20 
mc_currency=EUR 
item_number= 
residence_country=ES 
handling_amount=0.00 
transaction_subject=566 
payment_gross= 
shipping=0.00 
ipn_track_id=e18e7e710a52 
IPN Response from Paypal Server:
HTTP/1.1 200 OK
Server: Apache
X-Frame-Options: SAMEORIGIN
Cache-Control: max-age=0, no-cache, no-store, must-revalidate
Pragma: no-cache
Cache-Control: max-age=0, no-cache, no-store, must-revalidate
Pragma: no-cache
Content-Type: text/html; charset=UTF-8
DC: slc-b-origin-www-1.paypal.com
Date: Sat, 04 Apr 2015 09:31:47 GMT
Content-Length: 8
Connection: close
Set-Cookie: cwrClyrK4LoCV1fydGbAxiNL6iG=S3wHR_bGSn-JWZtSr43irOdsSr9IyI733wKxoc5-3Gx7aQMqKoyenuDTQz7F4FcOzlU3pu5omz0QGciNA_IFpMrLsVoysIhW_yd3CpyZtS64fc4_DF9HuFbTpO7JUV6sXcL_i3Ebgwl8L1yv8FxlRSkHEZ9gb-NGng34lnY1Fd3ODIJhnLtsLf0y0irQWRQyu2pcOtNuagCv4klyDmwb3e8XqX8rUVgREJx6hhW6itPsj6-VMUk40ds1pmbLsPEbhNgnoVU3CGD4CZcclqcIteXQIijCq0Z-JdGqF-CO2N02K_ILBC03cjE_i8qvw4OlQOo_n7jW0veynsdVzVH6nOgfllNlGQWjC6yZ6AJP64GK6VAoqKAZIY8e3IdQ3rXgZFaHDke9cm9JICOEEc4uZU6qOUr_c4y7TzSqY3mp6zQcl7tjX-Ds1yBX5xq; domain=.paypal.com; path=/; Secure; HttpOnly
Set-Cookie: cookie_check=yes; expires=Tue, 01-Apr-2025 09:31:47 GMT; domain=.paypal.com; path=/; Secure; HttpOnly
Set-Cookie: navcmd=_notify-validate; domain=.paypal.com; path=/; Secure; HttpOnly
Set-Cookie: navlns=0.0; expires=Mon, 03-Apr-2017 09:31:47 GMT; domain=.paypal.com; path=/; Secure; HttpOnly
Set-Cookie: Apache=10.74.8.137.1428139907199602; path=/; expires=Mon, 27-Mar-45 09:31:47 GMT
Set-Cookie: X-PP-SILOVER=name%3DLIVE6.WEB.1%26silo_version%3D880%26app%3Dappdispatcher%26TIME%3D2192514901; domain=.paypal.com; path=/; Secure; HttpOnly
Set-Cookie: X-PP-SILOVER=; Expires=Thu, 01 Jan 1970 00:00:01 GMT
Set-Cookie: Apache=10.74.8.33.1428139906929104; path=/; expires=Mon, 27-Mar-45 09:31:46 GMT
Set-Cookie: AKDC=slc-b-origin-www-1.paypal.com; expires=Sat, 04-Apr-2015 10:01:47 GMT; path=/; secure
Strict-Transport-Security: max-age=63072000

VERIFIED

[04/04/2015 9:29 PM] - FAIL: Validation post isn't from PayPal!
[From:weblaspalmas2.cyberneticos.net|5.79.73.217]IPN POST Vars Received By Paypal_IPN Response API:
IPN Response from Paypal Server:


[04/07/2015 11:14 AM] - FAIL: Validation post isn't from PayPal!
[From:weblaspalmas2.cyberneticos.net|5.79.73.217]IPN POST Vars Received By Paypal_IPN Response API:
IPN Response from Paypal Server:


[04/07/2015 7:35 PM] - FAIL: Validation post isn't from PayPal!
[From:weblaspalmas2.cyberneticos.net|5.79.73.217]IPN POST Vars Received By Paypal_IPN Response API:
IPN Response from Paypal Server:


[04/08/2015 10:26 AM] - FAIL: Validation post isn't from PayPal!
[From:weblaspalmas2.cyberneticos.net|5.79.73.217]IPN POST Vars Received By Paypal_IPN Response API:
IPN Response from Paypal Server:


[04/08/2015 10:33 AM] - FAIL: Validation post isn't from PayPal!
[From:weblaspalmas2.cyberneticos.net|5.79.73.217]IPN POST Vars Received By Paypal_IPN Response API:
IPN Response from Paypal Server:


[04/09/2015 7:07 PM] - FAIL: Validation post isn't from PayPal!
[From:weblaspalmas2.cyberneticos.net|5.79.73.217]IPN POST Vars Received By Paypal_IPN Response API:
IPN Response from Paypal Server:


[04/10/2015 11:28 AM] - FAIL: Validation post isn't from PayPal!
[From:weblaspalmas2.cyberneticos.net|5.79.73.217]IPN POST Vars Received By Paypal_IPN Response API:
IPN Response from Paypal Server:


[04/10/2015 8:43 PM] - FAIL: Validation post isn't from PayPal!
[From:weblaspalmas2.cyberneticos.net|5.79.73.217]IPN POST Vars Received By Paypal_IPN Response API:
IPN Response from Paypal Server:


[04/12/2015 9:14 PM] - FAIL: Validation post isn't from PayPal!
[From:weblaspalmas2.cyberneticos.net|5.79.73.217]IPN POST Vars Received By Paypal_IPN Response API:
IPN Response from Paypal Server:


[04/13/2015 7:42 AM] - FAIL: Validation post isn't from PayPal!
[From:weblaspalmas2.cyberneticos.net|5.79.73.217]IPN POST Vars Received By Paypal_IPN Response API:
IPN Response from Paypal Server:


